project_creation_timestamp	project_has_audio	project_has_button	project_has_buttonClicked_input	project_has_checkbox_input	project_has_externalHtml	project_has_fileAudio_input	project_has_fileImg_input	project_has_fileVideo_input	project_has_file_input	project_has_iframe	project_has_image	project_has_imageAnnotation_input	project_has_radio_input	project_has_sbs	project_has_select_input	project_has_sourcesRecorder_input	project_has_string_input	project_has_suggest_input	project_has_textarea_input	project_has_video	project_id	project_instruction_FK	project_instruction_language	project_instruction_len	project_instruction_wordCount	project_required_fields	project_spec_length
1428398401	0	1	0	0	0	0	0	0	0	0	0	0	3	0	0	0	0	0	0	0	1	20.06825358851674	ru	3208.0	319.0	1	1196
1436341103	0	0	0	0	0	0	0	0	0	0	0	0	2	0	0	0	2	0	0	0	2	31.44634532990574	ru	3289.0	312.0	1	1663
1437037937	0	0	0	0	0	0	0	0	0	0	0	0	7	0	0	0	0	0	0	0	3	-43.73671314741034	ru	6288.0	637.0	1	2483
1439365405	0	0	0	0	0	0	0	0	0	0	1	0	6	0	0	0	0	0	0	0	4	16.488188358404216	ru	4369.0	460.0	1	635
1439968554	0	1	0	0	0	0	0	0	0	0	1	0	12	0	0	0	0	0	0	0	5	17.76821441581393	ru	38650.0	3565.0	1	9527
1440145992	0	2	0	0	0	0	0	0	0	0	2	0	3	0	0	0	0	0	0	0	6	29.106875000000002	ru	1847.0	199.0	1	734
1441029877	0	0	0	0	0	0	0	0	0	0	1	0	8	0	0	0	0	0	0	0	7	36.10718082463984	ru	6118.0	577.0	1	1288
1441092418	0	0	0	0	0	0	0	0	0	0	0	0	2	0	0	0	0	0	0	0	8	-240.5006828193833	ru	1850.0	202.0	1	359
1444816439	0	0	0	0	0	0	0	0	0	0	0	0	2	0	0	0	0	0	0	0	9	-31.80617647058824	ru	274.0	26.0	1	1237
1446184834	0	0	0	0	0	0	0	0	0	0	0	0	3	0	0	0	0	0	0	0	10	18.75511558124029	ru	3397.0	329.0	2	1877
1450344556	0	0	0	0	0	0	0	0	0	0	1	0	3	0	0	0	0	0	0	0	11	5.165770111558231	ru	11272.0	1068.0	1	1207
1450949616	0	0	0	0	0	0	0	0	0	0	0	0	2	0	0	0	0	0	0	0	12	-21.506304347826102	ru	700.0	77.0	1	559
1451031397	0	0	0	0	0	1	0	0	1	0	0	0	0	0	0	1	0	0	0	0	13	53.275822510822536	ru	2708.0	270.0	1	170
1455016287	0	0	0	0	0	0	0	0	0	0	0	0	12	0	0	0	0	0	0	2	14	33.26949349179404	ru	4153.0	443.0	1	1110
1456399282	0	4	0	0	0	0	0	0	0	0	0	0	2	0	0	0	0	0	0	0	15	43.6237029288703	ru	1687.0	199.0	1	643
1457074903	0	0	0	0	0	0	0	0	0	0	0	0	2	1	0	0	0	0	1	0	16	20.60580808080806	ru	1877.0	164.0	1	1027
1457084597	0	10	0	0	0	0	0	0	0	0	0	0	3	0	0	0	0	0	0	0	17	54.979817318525676	ru	4831.0	509.0	1	1531
1458034046	0	0	0	0	0	0	0	0	0	1	0	0	4	0	0	0	0	0	0	0	18	19.239279279279287	ru	1032.0	122.0	1	1561
1459493014	1	0	0	0	0	0	0	0	0	0	0	0	3	0	0	0	0	0	1	0	19	-15.00802785419532	ru	5615.0	606.0	1	501
1464844058	0	0	0	0	0	0	0	0	0	0	1	0	7	0	0	0	0	0	0	0	20	-137.9700200803213	ru	2051.0	215.0	1	766
1464852877	0	0	0	0	0	0	0	0	0	0	0	0	6	0	0	0	0	0	0	0	21	30.077508710801396	ru	1841.0	200.0	1	695
1466163595	0	0	0	0	0	0	0	0	0	0	1	0	4	0	0	0	0	0	0	0	22	29.12862629669698	ru	5986.0	679.0	1	736
1466490600	0	0	0	0	0	0	0	0	0	1	0	0	3	0	0	0	1	0	0	0	23	26.85451219512197	ru	2359.0	210.0	1	1685
1466602562	0	0	0	0	0	0	0	0	0	1	0	0	3	0	0	0	0	0	0	0	24	29.19999999999999	ru	952.0	108.0	1	448
1466692306	0	0	0	0	0	0	0	0	0	0	6	0	2	0	0	0	0	0	0	0	25	11.788973963686175	ru	4758.0	446.0	1	1628
1468576822	0	0	0	0	0	0	0	0	0	0	0	0	4	0	0	0	0	0	0	0	26	-9.549036697247715	ru	4829.0	444.0	1	313
1468588380	4	0	0	0	0	0	0	0	0	0	0	0	2	0	0	0	0	0	0	0	27	9.686282051282035	ru	579.0	67.0	2	386
1468825685	0	0	0	0	0	0	0	0	0	0	0	0	2	0	0	0	0	0	0	0	28	48.973925163234526	ru	1281.0	145.0	1	901
1469074424	0	0	0	0	0	0	0	0	0	0	0	0	6	0	0	0	1	0	0	0	29	20.480736434108536	ru	1335.0	133.0	2	836
1469090730	0	0	0	0	0	0	0	0	0	0	0	0	2	0	0	0	0	0	0	0	30	21.194375000000008	ru	1271.0	134.0	1	242
1470128519	0	0	0	0	0	0	0	0	0	1	0	0	3	0	0	0	0	0	0	0	31	-14.9571052631579	ru	299.0	29.0	1	459
1470321360	0	0	0	0	0	0	0	0	0	0	2	0	5	0	0	0	0	0	0	0	32	-343.75745901639345	ru	2173.0	232.0	1	838
1473603709	0	2	0	0	0	0	0	0	0	0	0	0	2	0	0	0	0	0	0	0	33	26.881711601307188	ru	5955.0	633.0	1	608
1474302519	0	0	0	0	0	0	0	0	0	0	0	0	0	0	1	0	3	0	1	0	34	13.887127659574475	ru	369.0	37.0	1	1661
1474526388	0	0	0	0	0	0	0	0	0	0	0	0	2	0	0	0	0	0	0	0	35	47.25620673304883	ru	3666.0	372.0	1	381
1474871927	0	0	0	0	0	0	0	0	0	0	0	0	7	0	0	0	0	0	0	0	36	46.06847457627117	ru	1301.0	130.0	1	1755
1475048309	0	1	0	0	0	0	0	0	0	0	1	0	3	0	0	0	0	0	0	0	37	16.196533816425102	ru	13903.0	1345.0	1	732
1477549115	0	0	0	1	0	0	0	0	0	0	1	0	6	0	0	0	0	0	0	0	38	-5.0035185185185185	ru	3839.0	341.0	1	1089
1478852179	0	0	0	0	0	0	0	0	0	0	1	0	2	0	0	0	0	0	0	0	39	45.08403273809526	ru	3187.0	360.0	1	923
1479208505	0	0	0	0	0	0	0	0	0	0	1	0	9	10	0	0	0	0	0	0	40	-3.6446498653328376	ru	11000.0	943.0	2	1758
1479213741	0	2	0	0	0	0	0	0	0	0	0	0	2	0	0	0	0	0	0	0	41	16.917248520710046	ru	2583.0	282.0	1	630
1479705300	0	0	0	0	0	0	0	0	0	0	1	0	5	0	0	0	0	0	0	0	42	-12.336310116086224	ru	4529.0	489.0	1	2748
1479708156	0	0	0	0	0	0	0	0	0	0	0	0	3	0	0	0	0	0	0	0	43	23.38587167070216	ru	6797.0	709.0	1	814
1479714221	0	0	0	0	0	0	0	0	0	0	0	0	2	0	0	0	0	0	0	0	44	28.330700621712083	ru	4814.0	508.0	1	755
1479804666	0	0	0	0	0	0	0	0	0	0	3	0	4	0	0	0	0	0	0	0	45	40.8850753682768	ru	5714.0	639.0	1	1174
1479870446	0	0	0	0	0	0	0	0	0	0	0	0	2	0	0	0	0	0	0	0	46	-46.58430283224402	ru	3314.0	372.0	1	737
1480145630	0	0	0	0	0	0	0	0	0	0	0	0	0	0	0	0	0	0	0	0	47	52.55397860593513	ru	2405.0	254.0	1	253
1480585694	0	0	0	1	0	0	0	0	0	0	1	0	4	0	0	0	0	0	0	0	48	-2.567142857142869	ru	3629.0	353.0	1	895
1481609576	0	0	0	0	0	0	0	0	0	0	0	0	2	0	0	0	1	0	0	0	49	26.27330663615561	ru	4814.0	524.0	1	912
1481705400	0	1	0	0	0	0	0	0	0	0	0	0	3	0	0	0	0	0	0	0	50	14.805182648401853	ru	1743.0	191.0	2	556
1482118980	0	0	0	0	0	0	0	0	0	0	0	0	0	0	1	0	0	0	0	0	51	31.012985739750434	ru	1350.0	143.0	1	2105
1482238397	0	0	0	0	0	0	0	0	0	0	1	0	0	0	1	0	0	0	0	0	52	18.08530114812723	ru	38671.0	3569.0	1	1127
1482306383	0	0	0	0	0	0	0	0	0	0	0	0	4	0	0	0	0	0	0	0	53	5.454827586206903	ru	2505.0	279.0	2	527
1482385705	0	2	0	0	0	0	0	0	0	0	0	0	0	0	0	0	1	0	0	0	54	-16.44632945485887	ru	5392.0	542.0	1	878
1482484510	0	0	0	0	0	0	0	0	0	0	0	0	4	0	0	0	0	0	0	0	55	17.414619726678552	ru	4406.0	465.0	1	389
1482846263	0	0	0	13	0	0	0	0	0	0	1	0	0	0	0	0	0	0	0	0	56	17.061214996528605	ru	4597.0	488.0	13	1536
1482898839	0	0	0	0	0	0	0	0	0	0	0	0	7	0	0	0	0	0	0	0	57	-28.651704119850194	ru	1350.0	151.0	1	3223
1482997200	0	0	0	0	0	0	0	0	0	0	0	0	5	0	0	0	0	0	0	0	58	2.6275126903553314	ru	2793.0	310.0	1	795
1482998700	0	0	0	0	0	0	0	0	0	0	0	0	3	0	0	0	0	0	0	0	59	-39.892074829931985	ru	1749.0	196.0	1	653
1483031157	0	0	0	0	0	0	0	0	0	0	0	0	3	0	0	0	0	0	0	0	60	34.00783105022833	ru	2327.0	249.0	1	839
1483079532	0	0	0	0	0	0	0	0	0	0	0	0	4	0	0	0	0	0	0	0	61	1.6661361200428644	ru	2460.0	256.0	1	946
1483079591	0	0	0	0	0	0	0	0	0	0	0	0	4	0	0	0	0	0	0	0	62	24.491531141868506	ru	2260.0	238.0	1	944
1483434900	0	0	0	1	0	0	0	0	0	1	1	0	5	0	0	0	0	1	0	0	63	20.66142886818207	ru	5119.0	449.0	2	2105
1483546506	0	8	0	0	0	0	0	0	0	0	0	0	3	0	0	0	0	0	0	0	64	24.71100574712642	ru	3435.0	387.0	1	1365
1484025601	0	0	0	0	0	0	0	0	0	0	0	0	5	0	0	0	0	0	0	0	65	18.43281278678495	ru	3506.0	388.0	0	1169
1484120852	0	0	0	11	0	0	0	0	0	0	1	0	0	0	0	0	0	0	0	0	66	24.805494751523156	ru	5409.0	595.0	0	1214
1484137750	0	0	0	1	0	0	0	0	0	0	0	0	0	0	0	0	1	0	0	0	67	-55.13594240837696	ru	1669.0	150.0	0	1199
1485764594	2	0	0	0	0	0	0	0	0	0	0	0	2	0	0	0	0	0	0	0	68	-52.563958333333346	ru	656.0	81.0	1	280
1485929413	0	0	0	0	0	0	0	0	0	0	0	0	2	0	0	0	0	0	0	0	69	-74.9841011235955	ru	673.0	75.0	1	299
1486108965	0	0	0	0	0	0	0	0	0	1	0	0	3	0	0	0	0	0	0	0	70	-39.775582010581985	ru	3349.0	339.0	1	1420
1486206499	0	0	0	0	0	0	0	0	0	0	5	0	7	0	0	0	0	0	0	0	71	6.202538675473676	ru	4223.0	425.0	1	1409
1486452874	0	0	0	0	0	0	0	0	0	0	0	0	3	0	0	0	0	0	0	0	72	-28.999158415841606	ru	802.0	84.0	1	391
1486547570	0	0	0	0	0	0	0	0	0	0	0	0	3	0	0	0	0	0	0	0	73	-9.414180327868834	ru	1285.0	139.0	1	390
1486629786	0	0	0	0	0	0	0	0	0	0	1	0	3	0	0	0	0	0	0	0	74	-2.5067754569190583	ru	3058.0	338.0	1	368
1487572963	0	0	0	0	0	0	0	0	0	0	0	0	10	0	0	0	0	0	0	0	75	-40.140169457735226	ru	17377.0	1675.0	1	1601
1487670950	0	0	0	0	0	0	0	0	0	2	0	0	4	0	0	0	0	0	0	0	76	23.85753521126759	ru	1615.0	176.0	1	1276
1487835961	0	0	0	0	0	0	0	0	0	0	0	0	4	0	0	0	0	0	0	0	77	25.761422764227646	ru	1910.0	204.0	1	944
1487922200	0	0	0	9	0	0	0	0	0	0	1	0	0	0	0	0	0	0	0	0	78	30.202735589218975	ru	2180.0	243.0	9	1309
1488556661	2	0	0	0	0	0	0	0	0	0	0	0	4	0	0	0	0	0	0	0	79	-215.55250000000004	ru	1575.0	171.0	1	600
1488861900	0	0	0	0	0	0	0	0	0	1	0	0	2	0	0	0	0	0	1	0	80	-45.86305555555555	ru	2862.0	298.0	1	767
1489746300	0	0	0	0	0	0	0	0	0	0	0	0	17	0	0	0	0	0	0	0	81	17.37157894736842	ru	3093.0	320.0	1	2399
1489777128	0	0	0	4	0	0	0	0	0	0	1	0	0	0	0	0	0	0	0	0	82	-6.836071428571415	ru	2746.0	299.0	4	498
1490259498	0	0	0	0	0	0	0	0	0	0	1	0	3	0	0	0	0	0	0	0	83	10.764914529914563	ru	797.0	88.0	1	443
1490260598	0	0	0	0	0	0	0	0	0	0	1	0	3	0	0	0	0	0	0	0	84	16.6657142857143	ru	974.0	108.0	1	419
1490261652	0	0	0	0	0	0	0	0	0	0	1	0	3	0	0	0	0	0	0	0	85	27.673115942029	ru	922.0	98.0	1	418
1490262798	0	1	0	0	0	0	0	0	0	0	2	0	4	0	0	0	0	0	0	0	86	-7.487522522522511	ru	1663.0	175.0	1	1026
1490336581	0	0	0	0	0	0	0	0	0	0	1	0	6	0	0	0	0	0	0	0	87	18.643988775280633	ru	41285.0	3864.0	1	1813
1490607081	0	0	0	0	0	0	0	0	0	0	0	0	4	0	0	0	0	0	0	0	88	-1.827571381954641	ru	7272.0	761.0	2	3548
1490614059	0	4	0	0	0	0	0	0	0	2	1	0	16	7	0	0	0	0	0	0	89	12.819686868686887	ru	4068.0	421.0	4	3439
1490628457	0	0	0	16	0	0	0	0	0	0	1	0	0	0	0	0	0	0	0	0	90	-0.9867442086821256	ru	3506.0	373.0	16	1853
1491978564	0	0	0	1	0	0	0	0	0	0	1	0	0	0	0	0	1	0	0	0	91	22.731835443037966	ru	2528.0	276.0	0	562
1491978691	0	0	0	3	0	0	0	0	0	0	1	0	0	0	0	0	0	0	0	0	92	-11.102983193277339	ru	3618.0	395.0	0	732
1492144969	0	0	0	0	0	0	0	0	0	0	0	0	2	0	0	0	0	0	0	0	93	-131.89914634146342	ru	1039.0	96.0	1	284
1492693220	0	0	0	0	0	0	0	0	0	0	0	0	2	0	0	0	0	0	0	0	94	59.69269230769234	ru	174.0	20.0	1	352
1493284562	0	0	0	0	0	0	0	0	0	0	0	0	2	0	0	0	0	0	0	0	95	-21.688618090452252	ru	4806.0	508.0	1	597
1493733279	0	0	0	2	1	0	0	0	0	0	1	0	14	7	0	0	0	0	0	0	96	23.56321218552418	ru	11301.0	1152.0	6	3039
1493800202	0	0	0	0	0	0	0	0	0	0	1	0	3	0	0	0	0	0	0	0	97	23.81065217391304	ru	820.0	92.0	1	424
1493977746	0	0	0	0	0	0	0	0	0	0	2	0	3	0	0	0	0	0	0	0	98	35.91404109589041	ru	3025.0	357.0	1	575
1494333814	0	0	0	0	0	0	0	0	0	0	0	0	0	0	0	0	0	0	0	0	99	-5.668620689655171	ru	1572.0	116.0	0	878
1494924673	0	0	0	1	0	0	0	0	0	0	1	0	2	0	0	0	0	0	0	0	100	40.13924757281552	ru	737.0	85.0	2	698
1495186642	0	0	0	0	0	0	0	0	0	0	0	0	3	0	0	0	0	0	0	0	101	23.024211045364893	ru	2667.0	287.0	2	396
1495192095	0	0	0	0	0	0	0	0	0	0	1	0	2	0	0	0	0	0	0	0	102	-110.23304878048782	ru	1714.0	177.0	1	474
1496032200	0	0	0	0	0	0	0	0	0	0	1	0	3	0	0	0	0	0	0	0	103	-21.670357142857142	ru	490.0	46.0	0	420
1496120931	0	0	0	0	0	0	0	0	0	0	1	0	5	0	0	0	0	0	0	0	104	43.13078025477708	ru	1049.0	117.0	1	953
1496214300	0	0	0	0	0	0	0	0	0	0	1	0	3	0	0	0	0	0	0	0	105	21.593333333333334	ru	5002.0	519.0	1	1530
1496326419	0	0	0	0	0	0	0	0	0	0	1	0	2	0	0	0	0	0	0	0	106					1	608
1497006495	0	0	0	0	0	0	0	0	0	0	0	0	3	0	0	0	0	0	0	0	107	-6.126827956989274	ru	5981.0	667.0	1	904
1497084346	0	0	0	0	0	0	0	0	0	0	2	0	3	0	0	0	0	0	0	0	108	-12.40844827586207	ru	1188.0	116.0	1	1066
1497255456	0	0	0	0	0	0	0	0	0	0	0	0	3	0	0	0	0	0	0	0	109	11.634014784685888	ru	14294.0	1340.0	1	933
1497332614	0	0	0	0	0	0	0	0	0	0	2	0	3	0	0	0	0	0	0	0	110	-112.89115740740743	ru	3532.0	365.0	1	1441
1497340915	0	0	0	0	0	0	0	0	0	0	1	0	16	0	0	0	0	0	0	0	111	17.895631987223368	ru	3682.0	403.0	1	2057
1497343441	0	0	0	0	0	0	0	0	0	0	1	0	4	0	0	0	0	0	0	0	112	19.766476608187133	ru	2708.0	294.0	1	577
1497344521	0	0	0	0	0	0	0	0	0	0	1	0	3	0	0	0	0	0	0	0	113	-12.159088050314466	ru	1256.0	130.0	1	456
1497413100	0	2	0	0	0	0	0	0	0	0	0	0	2	0	0	0	0	0	0	0	114	-73.35946808510641	ru	4058.0	411.0	1	1519
1497508143	0	0	0	0	0	0	0	0	0	0	1	0	4	0	0	0	0	0	0	0	115	-27.82628514056222	ru	4084.0	423.0	1	563
1498040100	0	0	0	0	0	0	0	0	0	0	1	0	4	0	0	0	0	0	0	0	116	-2.567142857142869	ru	3629.0	353.0	1	514
1498128750	0	0	0	0	0	0	0	0	0	0	1	0	5	0	0	0	1	0	0	0	117	45.99412969283276	ru	6490.0	691.0	2	936
1498223831	2	0	0	0	0	0	0	0	0	0	0	0	2	0	0	0	0	0	0	0	118	19.604656862745117	ru	3027.0	333.0	1	281
1498565738	0	0	0	0	0	0	0	0	0	0	1	0	4	0	0	0	0	0	0	0	119	-2.567142857142869	ru	3629.0	353.0	1	479
1499066266	0	0	0	1	0	0	0	0	0	0	0	0	6	0	0	0	0	0	1	0	120	26.686276993355477	ru	2355.0	260.0	0	2026
1499100300	0	0	0	0	0	0	0	0	0	0	0	0	5	0	0	0	0	0	0	0	121	-20.73409594095942	ru	1879.0	195.0	1	841
1499154185	0	0	0	0	0	0	0	0	0	0	0	0	4	0	0	0	0	0	0	0	122	11.324461535925082	ru	7189.0	759.0	2	3519
1499402189	0	1	0	0	0	0	0	0	0	0	1	0	5	0	0	0	0	0	0	0	123	31.181119047619035	ru	3840.0	424.0	2	1583
1499402724	0	1	0	0	0	0	0	0	0	0	1	0	5	0	0	0	0	0	0	0	124	25.363023360287485	ru	3861.0	410.0	2	1287
1499591415	0	0	0	0	0	0	0	0	0	0	1	0	1	0	0	0	0	0	0	0	125	31.762272727272745	ru	1547.0	184.0	1	565
1499594940	0	0	0	0	0	0	0	0	0	0	1	0	1	0	0	0	0	0	0	0	126	25.12922102061509	ru	1916.0	227.0	1	577
1499700680	0	0	0	0	0	0	0	0	0	0	1	0	3	0	0	0	0	0	0	0	127	-1.3792706687730458	ru	1630.0	166.0	1	528
1499767658	0	0	0	0	0	0	0	0	0	0	5	0	5	0	0	0	0	0	0	0	128	-36.95944444444444	ru	346.0	33.0	1	962
1499768745	0	0	0	0	0	0	0	0	0	0	1	0	5	0	0	0	0	0	0	0	129	7.81523848112991	ru	4582.0	490.0	1	1167
1499768746	0	0	0	0	0	0	0	0	0	0	0	0	3	0	0	0	0	0	0	0	130	43.254090909090905	ru	2420.0	267.0	1	775
1499768746	0	0	0	0	0	0	0	0	0	0	0	0	11	0	0	0	0	0	0	0	131	35.59210594315243	ru	5731.0	617.0	1	2144
1499768746	0	0	0	0	0	0	0	0	0	0	0	0	3	0	0	0	0	0	0	0	132	24.60319516971279	ru	2912.0	301.0	1	590
1499845178	0	0	0	0	0	0	0	0	0	0	1	0	8	0	0	0	0	0	0	0	133	41.38245098039215	ru	1588.0	171.0	1	1120
1500089003	0	0	0	0	0	0	0	0	0	0	0	0	0	0	0	0	1	0	0	0	134	70.515	ru	410.0	48.0	1	273
1500372652	0	0	0	0	0	0	0	0	0	0	1	0	2	0	0	0	0	0	0	0	135	13.81170068027211	ru	1575.0	170.0	1	396
1500901500	0	0	0	1	0	0	0	0	0	0	0	0	5	0	0	0	0	0	0	0	136	44.087647975077886	ru	4990.0	448.0	1	2272
1501057227	0	0	0	0	0	0	0	0	0	0	1	0	7	0	0	0	0	0	0	0	137					1	1501
1501059567	1	0	0	0	0	0	0	0	0	0	0	0	3	0	0	0	0	0	1	0	138	8.499339114832537	ru	4692.0	506.0	1	507
1501672979	0	0	0	0	0	0	0	0	0	0	0	0	0	0	0	0	3	0	0	0	139	16.787684903748755	ru	2130.0	225.0	3	1362
1502451396	0	0	0	0	0	0	0	0	0	0	0	0	2	0	0	0	0	0	0	0	140	18.379302266361094	ru	4407.0	465.0	1	198
1502881200	0	0	0	0	0	0	0	0	0	0	0	0	3	0	0	0	0	0	0	0	141	29.44478828306265	ru	3194.0	348.0	1	356
1502976900	0	1	0	0	0	0	0	0	0	0	0	0	2	0	1	0	0	0	2	0	142	34.799075779036826	ru	2483.0	283.0	1	2258
1503052488	0	0	0	0	0	0	0	0	0	0	1	0	6	0	0	0	0	0	0	0	143	-5.0035185185185185	ru	3839.0	341.0	1	673
1503052490	0	0	0	0	0	0	0	0	0	0	1	0	6	0	0	0	0	0	0	0	144	-5.0035185185185185	ru	3839.0	341.0	1	708
1503055531	0	0	0	0	0	0	0	0	0	0	1	0	6	0	0	0	0	0	0	0	145	29.018333333333317	ru	600.0	62.0	1	1750
1503055710	0	0	0	0	0	0	0	0	0	0	1	0	4	0	0	0	0	0	0	0	146	-90.465	ru	731.0	73.0	0	1542
1503656098	0	0	0	1	0	0	0	0	0	0	1	0	0	0	1	0	0	0	0	0	147	38.01455974842767	ru	2221.0	244.0	0	409
1504090952	0	0	0	0	0	0	0	0	0	0	1	0	3	0	0	0	0	0	0	0	148	-3.6666402714932076	ru	1841.0	187.0	1	404
1504247355	0	0	0	9	0	0	0	0	0	0	81	0	2	0	0	0	0	0	0	0	149	-6.72196649029982	ru	4783.0	406.0	1	13244
1504257642	0	0	0	8	0	0	0	0	0	0	0	0	2	0	0	0	0	0	0	0	150	5.060088466953317	ru	10052.0	1057.0	1	3063
1504702435	0	0	0	0	0	0	0	0	0	0	0	0	4	0	0	0	0	0	0	0	151	11.923333333333346	ru	3236.0	365.0	1	769
1505068989	0	0	0	0	0	0	0	0	0	0	0	0	6	0	0	0	0	0	0	0	152	-29.279637681159414	ru	2796.0	288.0	3	1160
1505131135	0	0	0	0	0	0	0	0	0	1	0	0	3	0	0	0	0	0	0	0	153	-26.62277777777777	ru	339.0	38.0	1	740
1505276107	0	0	0	0	0	0	0	0	0	0	1	0	2	0	0	0	0	0	0	0	154	-28.701312217194612	ru	1720.0	181.0	1	529
1505276326	0	0	0	0	0	0	0	0	0	0	1	0	2	0	0	0	0	0	0	0	155	-46.20295853269536	ru	1616.0	171.0	1	738
1505284054	0	0	0	7	0	0	0	0	0	1	0	0	6	0	0	0	0	0	0	0	156	-10.167307692307674	ru	1080.0	104.0	8	1739
1505378756	0	0	0	0	0	0	0	0	0	0	0	0	2	0	0	0	0	0	0	0	157	17.414619726678552	ru	4406.0	465.0	1	198
1505813405	0	0	0	0	0	0	0	0	0	0	10	0	3	0	0	0	0	0	0	0	158	-21.929736842105257	ru	743.0	78.0	1	1559
1505815470	0	0	0	0	0	0	0	0	0	0	0	0	3	0	0	0	0	0	0	0	159	34.012333333333345	ru	1063.0	119.0	2	389
1506244682	0	0	0	0	0	0	0	0	0	0	0	0	4	0	0	0	0	0	0	0	160	-79.02876811594203	ru	2444.0	263.0	1	693
1506365337	0	0	0	0	0	0	0	0	0	0	1	0	3	0	0	0	0	0	0	0	161	-57.34795074660131	ru	4792.0	523.0	1	722
1506835501	0	2	0	0	0	0	0	0	0	0	0	0	4	0	0	0	0	0	0	0	162	24.27729831235979	ru	4268.0	471.0	1	1949
1507046818	0	1	0	0	0	0	0	0	0	0	1	0	3	0	0	0	0	0	1	0	163	24.459525380245566	ru	12473.0	1289.0	1	995
1507531492	0	0	0	0	0	0	0	0	0	2	0	0	2	0	0	0	0	0	1	0	164	-8.954044289044305	ru	1068.0	121.0	1	878
1507870329	0	0	0	0	0	0	0	0	0	0	0	0	3	0	0	0	0	0	0	0	165	-28.999158415841606	ru	802.0	84.0	1	653
1508738940	0	2	0	0	0	0	0	0	0	0	0	0	4	0	0	0	0	0	0	0	166	20.61890804597698	ru	3700.0	411.0	1	1949
1509247099	0	0	0	6	0	0	0	0	0	0	6	0	0	0	0	0	0	0	0	0	167	0.44860544217686993	ru	1054.0	121.0	6	1069
1509467120	1	0	0	0	0	0	0	0	0	0	0	0	3	0	0	0	0	0	0	0	168	0.5540476190476227	ru	595.0	70.0	1	361
1509535871	0	0	0	0	0	0	0	0	0	0	0	0	3	0	0	0	0	0	0	0	169	10.084685534591188	ru	759.0	82.0	1	394
1509965816	0	1	0	0	0	0	0	0	0	0	1	0	3	0	0	0	0	0	0	0	170	21.408858169322087	ru	7377.0	772.0	1	596
1509987679	0	0	0	0	0	0	0	0	0	2	0	0	3	0	0	0	1	0	0	0	171	30.01155325443787	ru	2450.0	262.0	1	898
1510207834	0	0	0	0	0	0	0	0	0	0	0	0	3	0	0	0	0	0	0	0	172	-31.291190476190465	ru	3625.0	383.0	1	692
1510209470	0	0	0	0	0	0	0	0	0	0	1	0	12	0	0	0	0	0	0	0	173	-6.744908675799081	ru	4946.0	492.0	1	1488
1510300792	0	0	0	0	0	0	0	0	0	0	1	0	2	0	0	0	1	0	0	0	174	18.590372276029058	ru	3014.0	328.0	1	2624
1510303569	0	95	0	0	0	0	0	0	0	0	0	0	0	0	0	0	0	0	0	0	175	32.760995798389416	ru	39767.0	4063.0	1	7895
1510429284	0	1	0	0	0	0	0	0	0	0	1	0	3	0	0	0	0	0	0	0	176	19.86387277521422	ru	8094.0	849.0	1	694
1510655273	0	0	0	0	0	0	0	0	0	0	2	0	2	0	0	0	0	0	0	0	177	-5.623726733207462	ru	2591.0	286.0	1	628
1510812954	0	0	0	0	0	0	0	0	0	0	0	0	3	0	0	0	0	0	0	0	178	10.502441953562837	ru	8475.0	995.0	1	628
1510826502	0	0	0	0	0	0	0	0	0	0	1	0	0	0	0	0	0	0	1	0	179					1	308
1511506894	0	0	0	0	0	0	0	0	0	0	0	0	2	0	0	0	0	0	0	0	180	24.577474160206748	ru	2653.0	279.0	1	208
1511680446	0	0	0	0	0	0	0	0	0	0	0	0	37	0	0	0	0	0	6	0	181					11	5314
1511688412	0	0	0	0	0	0	0	0	0	1	0	0	3	0	0	0	1	0	0	0	182		tr	1670.0	190.0	1	780
1511774042	0	0	0	0	0	0	0	0	0	1	0	0	3	0	0	0	1	0	0	0	183	28.065904848327705	ru	2944.0	319.0	1	777
1511777698	0	0	0	0	0	0	0	0	0	0	1	0	4	0	0	0	0	0	0	0	184	-35.46519607843135	ru	5278.0	547.0	1	897
1511851579	0	1	0	0	0	0	0	0	0	2	0	0	2	0	0	0	0	0	0	0	185	-13.532171717171707	ru	736.0	85.0	1	973
1511851599	0	0	0	0	0	0	0	0	0	0	0	0	3	0	0	0	1	0	0	0	186	-9.09872093023256	ru	653.0	74.0	1	711
1512055984	0	0	0	0	0	0	0	0	0	1	0	0	4	0	0	0	1	0	0	0	187	17.688181818181818	ru	3012.0	350.0	1	757
1512208653	0	0	0	0	0	0	0	0	0	0	0	0	6	0	0	0	0	0	0	0	188	-63.05047008547005	ru	1883.0	183.0	0	2087
1512208731	0	0	0	1	0	0	0	0	0	0	0	0	0	0	0	0	0	0	1	0	189	-1.3171651090342777	ru	4112.0	436.0	0	631
1512208887	0	0	0	2	0	0	0	0	0	0	0	0	5	0	0	0	0	0	0	0	190	-34.66741312741313	ru	1959.0	206.0	0	2501
1512208963	0	0	0	0	0	0	0	0	0	0	0	0	11	0	0	0	0	0	0	0	191	-55.739666666666665	ru	1783.0	180.0	0	3886
1512209499	0	0	0	1	0	0	0	0	0	0	0	0	6	0	0	0	0	0	0	0	192	-46.661268656716445	ru	1084.0	107.0	1	1730
1512466901	0	1	0	0	0	0	0	0	0	0	0	0	3	0	0	0	0	0	0	0	193	20.06825358851674	ru	3208.0	319.0	1	700
1512466909	0	1	0	0	0	0	0	0	0	0	0	0	3	0	0	0	0	0	0	0	194	20.06825358851674	ru	3208.0	319.0	1	735
1512467050	0	1	0	0	0	0	0	0	0	0	0	0	3	0	0	0	0	0	0	0	195		tr	3233.0	338.0	1	686
1512723501	0	2	0	0	0	0	0	0	0	0	0	0	0	0	0	0	1	0	0	0	196	-18.63881754048421	ru	4651.0	464.0	1	708
1512728705	0	2	0	0	0	0	0	0	0	0	0	0	0	0	0	0	1	0	0	0	197	-22.4019090909091	ru	4577.0	452.0	1	708
1512728858	0	2	0	0	0	0	0	0	0	0	0	0	0	0	0	0	1	0	0	0	198	-28.457971014492756	ru	4580.0	456.0	1	708
1512729060	0	2	0	0	0	0	0	0	0	0	0	0	0	0	0	0	1	0	0	0	199	-26.664453394706555	ru	5130.0	519.0	1	708
1512729526	0	2	0	0	0	0	0	0	0	0	0	0	0	0	0	0	1	0	0	0	200	-29.787162709901565	ru	5145.0	516.0	1	708
1512730217	0	2	0	0	0	0	0	0	0	0	0	0	0	0	0	0	1	0	0	0	201	-32.39936170212766	ru	4723.0	464.0	1	792
1513072782	0	0	0	0	0	0	0	0	0	0	0	0	2	0	0	0	0	0	0	0	202	0.7554105571847742	ru	2530.0	270.0	1	2514
1513149642	0	2	0	1	0	0	0	0	0	0	0	0	29	0	0	0	0	0	0	0	203	-0.71377192982456	ru	716.0	78.0	1	4302
1513313301	0	0	0	0	0	0	0	0	0	0	2	0	5	0	0	0	0	0	0	0	204	31.10948200654309	ru	912.0	99.0	1	861
1513341316	0	0	0	0	0	0	0	0	0	0	1	0	6	0	0	0	0	0	0	0	205	5.26774305555557	ru	4829.0	505.0	1	1240
1513584758	0	0	0	1	0	0	0	0	0	0	1	0	2	0	0	0	1	0	0	0	206	-46.97729773462784	ru	1693.0	185.0	1	791
1513589734	0	0	0	3	0	0	0	0	0	0	1	0	0	0	0	0	0	0	0	0	207	-7.27476347634763	ru	3077.0	334.0	0	560
1513883155	0	0	0	0	0	0	0	0	0	0	0	0	0	0	0	0	1	0	0	0	208	-12.33518348623852	ru	783.0	92.0	0	251
1513883246	0	1	0	0	0	0	0	0	0	0	0	0	0	0	0	0	1	0	0	0	209	-93.51293388429752	ru	931.0	101.0	0	336
1513883246	0	0	0	0	0	0	0	0	0	0	0	0	0	0	0	0	10	0	0	0	210	34.587933832709126	ru	1245.0	144.0	2	851
1514203729	0	0	0	0	0	0	0	0	0	0	0	0	5	0	0	0	0	0	0	0	211	39.067173913043476	ru	3024.0	329.0	1	695
1514297026	0	1	0	0	0	0	0	0	0	0	0	0	2	0	0	0	0	0	0	0	212	15.839036697247707	ru	792.0	84.0	1	661
1514360574	0	0	0	0	0	0	0	0	0	0	12	0	2	0	0	0	0	0	0	0	213	-11.559010416666666	ru	975.0	107.0	1	2174
1514457589	0	0	0	4	0	0	0	0	0	0	0	0	10	0	0	0	0	0	0	0	214	-26.040596087222298	ru	5561.0	559.0	0	5800
1514467494	0	0	0	1	0	0	0	0	0	0	0	0	7	7	0	0	0	0	0	2	215	20.47346153846152	ru	2425.0	258.0	3	1299
1515064227	0	0	0	0	0	0	0	0	0	0	1	0	3	0	0	0	0	0	0	0	216	29.587553191489377	ru	661.0	73.0	1	671
1515090165	0	10	0	0	0	0	0	0	0	5	1	0	0	7	0	0	4	0	0	0	217	47.5103927432217	ru	6872.0	699.0	4	3519
1515412210	0	0	0	0	0	0	0	0	0	0	0	0	5	10	0	0	0	0	1	0	218	13.502061229964454	ru	6282.0	663.0	1	3738
1515413947	0	0	0	0	0	0	0	0	0	0	1	0	2	0	0	0	0	0	0	0	219	-8.330322580645145	ru	1215.0	134.0	1	1054
1515472884	0	0	0	6	0	0	0	0	0	0	1	0	0	0	0	0	0	0	0	0	220	-90.35307339449542	ru	797.0	82.0	6	1235
1515474957	0	0	0	1	0	0	0	0	0	0	0	0	3	0	0	0	0	1	1	0	221	35.30420035938906	ru	6113.0	658.0	0	1409
1515491688	0	0	0	0	0	0	0	0	0	0	0	0	4	0	0	0	0	0	0	0	222	-3.762397360703801	ru	4952.0	533.0	1	753
1515494464	0	0	0	0	0	0	0	0	0	0	1	0	0	0	0	0	0	3	0	0	223	-9.12776978417267	ru	1062.0	115.0	1	661
1515651417	0	0	0	0	0	0	0	0	0	0	0	0	5	10	0	0	0	0	1	0	224	26.13812249249179	ru	6286.0	677.0	1	2612
1515656135	0	0	0	0	0	0	0	0	0	0	1	0	5	0	0	0	0	0	0	0	225	32.973328157349926	ru	3311.0	373.0	1	1404
1516685856	0	0	0	0	0	0	0	0	0	2	0	0	3	0	0	0	1	0	0	0	226		uk	2337.0	263.0	1	907
1516771006	0	0	0	0	0	0	0	0	0	0	1	0	11	0	0	0	0	0	0	0	227	22.613340548340517	ru	2817.0	308.0	1	1821
1516872190	0	0	0	0	0	0	0	0	0	0	0	0	3	0	0	0	0	0	0	0	228	3.9237804424614353	ru	7566.0	811.0	1	821
1516882121	0	0	0	0	0	0	0	0	0	0	0	0	3	0	0	0	0	0	0	0	229	-16.197333333333347	ru	2154.0	159.0	1	1033
1516909180	0	0	0	0	0	0	0	0	0	0	0	0	3	0	0	0	0	0	0	0	230	-9.478141025641008	ru	5402.0	538.0	2	446
1516909853	0	0	0	0	0	0	0	0	0	0	0	0	3	0	0	0	0	0	0	0	231	-11.2778612716763	ru	1321.0	141.0	1	338
1516910800	0	0	0	0	0	0	0	0	0	0	0	0	3	0	0	0	0	0	0	0	232	-135.90396336014302	ru	3119.0	313.0	1	635
1516911546	0	0	0	0	0	0	0	0	0	0	0	0	3	0	0	0	0	0	0	0	233	-27.11243119266055	ru	2102.0	175.0	1	338
1516912874	0	0	0	0	0	0	0	0	0	0	0	0	3	0	0	0	0	0	0	0	234	-72.63232673267328	ru	732.0	88.0	1	336
1516914793	0	0	0	0	0	0	0	0	0	0	0	0	3	0	0	0	0	0	0	0	235	-101.35127450980391	ru	848.0	86.0	1	345
1517484784	0	0	0	3	1	0	0	0	0	0	0	0	26	7	0	0	0	0	0	0	236	38.81628908620959	ru	10148.0	1105.0	1	3343
1517808422	0	0	0	0	0	0	0	0	0	0	1	0	3	0	0	0	0	0	0	0	237	37.3620038167939	ru	950.0	109.0	0	905
1517819288	0	0	0	13	0	0	0	0	0	0	1	0	0	0	0	0	0	0	0	0	238	-11.905839160839179	ru	1172.0	120.0	13	1936
1517830380	4	0	0	0	0	0	0	0	0	0	0	0	4	0	0	0	0	0	0	0	239	21.592529239766094	ru	1276.0	148.0	1	648
1517892388	0	0	0	1	0	0	0	0	0	0	1	0	7	0	0	0	0	0	0	0	240	40.22128020801469	ru	14868.0	1166.0	2	2782
1517894961	0	0	0	0	0	0	0	0	0	0	1	0	3	0	0	0	0	0	0	0	241	24.025228013029306	ru	2346.0	247.0	1	1400
1517897735	0	4	0	0	0	0	0	0	0	2	0	0	4	7	0	0	0	0	0	0	242	-0.44828373015874945	ru	2160.0	221.0	1	1565
1517910686	0	0	0	2	0	0	0	0	0	0	0	0	0	0	0	0	0	0	1	0	243	-15.553701298701299	ru	3797.0	314.0	0	860
1517988561	0	0	0	0	0	0	0	0	0	0	0	0	7	0	0	0	0	0	0	0	244	35.580972671700806	ru	3076.0	337.0	1	1739
1518066692	0	0	0	0	0	0	0	0	0	0	0	0	0	0	0	0	15	0	0	0	245	-1.3400000000000034	ru	1052.0	107.0	1	1440
1518155920	0	0	0	8	0	0	0	0	0	0	1	0	0	0	0	0	0	0	0	0	246	-7.010755395683475	ru	1111.0	118.0	8	1392
1518162800	0	1	0	0	0	0	0	0	0	0	4	0	2	6	0	0	0	0	1	0	247	13.808333333333309	ru	976.0	105.0	1	3827
1518165944	0	0	0	0	0	0	0	0	0	0	0	0	7	0	0	0	0	0	0	0	248	-8.051999062792873	ru	8070.0	876.0	1	1075
1518346558	0	0	0	0	0	0	0	0	0	0	1	0	2	0	0	0	1	0	0	0	249	5.622096774193551	ru	1655.0	174.0	1	2498
1518433028	2	0	0	4	0	0	0	0	0	0	0	0	0	0	0	0	0	0	0	0	250	2.793942307692305	ru	3062.0	326.0	4	463
1518604720	0	1	0	0	0	0	0	0	0	0	4	0	2	4	0	0	0	0	1	0	251	22.12279761904759	ru	863.0	89.0	1	3629
1518687420	0	0	0	4	0	0	0	0	0	0	0	0	0	0	0	0	0	0	0	0	252	-35.939166666666665	ru	912.0	96.0	4	732
1519028746	0	0	0	2	0	0	0	0	0	0	10	0	13	0	0	0	0	0	0	0	253	13.516616729088668	ru	6251.0	659.0	4	3440
1519114416	0	7	0	0	0	0	0	0	0	0	0	0	0	0	0	0	0	0	0	0	254	-2.5463492063491913	ru	1892.0	201.0	1	787
1519120595	0	0	0	1	0	0	0	0	0	0	1	0	9	7	0	0	0	0	0	2	255	-2.453508771929819	ru	3189.0	317.0	4	1902
1519139913	0	0	0	0	0	0	0	0	0	0	1	0	3	0	0	0	0	0	0	0	256	-1.8794189765458498	ru	3205.0	359.0	1	464
1519140451	0	0	0	0	0	0	0	0	0	0	0	0	0	0	0	0	0	0	0	0	257	11.076003616636513	ru	2541.0	264.0	1	20
1519189297	0	0	0	7	0	0	0	0	0	0	1	0	8	0	2	0	0	0	0	0	258	-24.405365853658537	ru	3219.0	347.0	1	2764
1519194966	0	1	0	0	0	0	0	0	0	0	4	0	2	6	0	0	0	0	1	0	259	3.8883333333333496	ru	647.0	69.0	1	3827
1519266162	0	0	0	0	0	0	0	0	0	0	0	0	0	0	0	0	0	0	0	0	260	-32.97461538461536	ru	419.0	42.0	1	0
1519269380	0	0	0	0	0	0	0	0	0	0	0	0	2	0	0	0	1	0	0	0	261	-99.43632352941177	ru	3332.0	321.0	1	746
1519269442	0	0	0	0	0	0	0	0	0	0	0	0	2	0	0	0	1	0	0	0	262	60.77530225726653	ru	3786.0	415.0	1	746
1519289884	0	0	0	18	0	0	0	0	0	0	1	0	0	0	0	0	0	0	0	0	263	-28.423160919540237	ru	1150.0	117.0	18	3369
1519302369	0	0	0	0	0	0	0	0	0	0	0	0	0	0	0	0	0	0	0	0	264	9.966561461794015	ru	1432.0	147.0	1	0
1519361601	0	0	0	0	0	0	0	0	0	0	0	0	0	0	0	0	0	0	0	0	265	2.057395833333345	ru	960.0	102.0	1	0
1519374120	0	0	0	0	0	0	0	0	0	0	1	0	5	0	0	0	0	0	0	0	266	-16.403160919540227	ru	1172.0	119.0	1	444
1519632668	0	0	0	0	0	0	0	0	0	0	1	0	34	0	0	0	0	0	0	0	267	-41.40596045197739	ru	1033.0	94.0	1	5159
1519796906	0	0	0	4	0	0	0	0	0	0	10	0	16	0	0	0	0	0	0	0	268		tr	6552.0	725.0	4	4531
1519799484	0	1	0	0	0	0	0	0	0	0	1	0	3	0	0	0	0	0	1	0	269	23.589193954659947	ru	6552.0	654.0	2	901
1519846320	0	0	0	0	0	0	0	0	0	1	0	0	3	0	0	0	0	0	0	0	270	-20.155656565656585	ru	3840.0	407.0	1	868
1519896433	0	0	0	0	0	0	0	0	0	0	0	0	0	0	0	0	0	0	0	0	271	25.28121212121215	ru	768.0	74.0	1	66
1520236518	0	1	0	0	0	0	0	0	0	0	4	0	2	6	0	0	0	0	1	0	272	22.279927536231867	ru	719.0	72.0	1	3827
1520250131	0	0	0	0	0	0	0	0	0	0	0	0	0	0	0	0	0	0	0	0	273	-2.292692307692306	ru	1468.0	151.0	1	20
1520252957	0	0	0	0	0	0	0	0	0	0	0	0	0	0	0	0	0	0	0	0	274	-13.730061728395071	ru	1475.0	144.0	1	20
1520307539	0	0	0	7	0	0	0	0	0	0	0	0	14	0	0	0	0	32	0	0	275	24.428067391645328	ru	4575.0	523.0	1	6649
1520320089	0	0	0	0	0	0	0	0	0	0	1	0	0	0	0	0	0	0	0	0	276					2	412
1520913962	0	1	0	3	0	0	0	0	0	0	0	0	0	0	0	0	0	0	0	0	277	13.340861297539135	ru	3374.0	372.0	0	789
1520917233	0	1	0	1	0	0	0	0	0	0	0	0	2	0	0	0	1	0	0	0	278	32.77022994293387	ru	2483.0	287.0	1	906
1520944136	0	0	0	11	0	0	0	0	0	0	1	0	0	0	0	0	0	0	0	0	279	-61.37164335664336	ru	1124.0	114.0	11	2466
1521019572	0	0	0	0	0	0	0	0	0	0	1	0	2	0	0	0	0	0	0	0	280	58.24387445887447	ru	495.0	62.0	1	845
1521085486	0	0	0	0	0	0	0	0	0	0	1	0	28	0	0	0	0	0	0	0	281	-157.88793233082708	ru	4679.0	447.0	1	3188
1521176287	0	0	0	6	0	0	0	0	0	0	2	0	0	0	0	0	0	0	0	0	282	0.6701898734177121	ru	1219.0	133.0	6	1668
1521188489	0	1	0	3	0	0	0	0	0	0	0	0	0	0	0	0	0	0	0	0	283	25.716243386243406	ru	4372.0	448.0	0	899
1521190585	0	1	0	1	0	0	0	0	0	0	0	0	0	0	0	0	1	0	0	0	284	29.2630699088146	ru	2557.0	285.0	0	706
1521544984	0	0	0	0	0	0	0	0	0	0	2	0	2	0	0	0	0	0	0	0	285	18.71656418554477	ru	6859.0	749.0	1	395
1522217649	0	2	0	0	0	0	0	0	0	0	0	0	0	0	0	0	0	0	0	0	286	-211.02429648241204	ru	4718.0	524.0	0	3130
1522221155	0	0	0	6	0	0	0	0	0	0	1	0	0	0	0	0	0	0	0	0	287	5.415645161290314	ru	1023.0	96.0	6	1555
1522310917	0	1	0	0	0	0	0	0	0	0	2	0	5	0	0	0	0	0	0	0	288	7.210200278648557	ru	2283.0	247.0	1	999
1522389323	0	0	0	15	0	0	0	0	0	0	1	0	0	0	0	0	0	0	0	0	289	-21.01580906148868	ru	857.0	82.0	15	2393
1522654381	0	1	0	1	0	0	0	0	0	0	1	0	0	0	0	0	1	0	0	0	290					1	702
1522656141	0	0	0	0	0	0	0	0	0	0	4	0	3	0	0	0	0	0	0	0	291	4.34397435897435	ru	544.0	66.0	1	802
1522662972	0	1	0	0	0	0	0	0	0	6	0	0	2	0	0	0	0	0	0	0	292	-5.227857142857118	ru	273.0	29.0	1	832
1522738046	0	0	0	4	0	0	0	0	0	0	1	0	0	0	0	0	0	0	0	0	293	-11.12944444444446	ru	701.0	72.0	4	932
1522838426	0	60	0	0	0	0	0	0	0	0	0	0	0	0	0	0	0	0	0	0	294	13.695463239358759	ru	14506.0	1399.0	1	5511
1522859356	0	0	0	0	0	0	0	0	0	0	1	0	2	0	0	0	0	0	0	0	295	-40.483191653786704	ru	4944.0	500.0	1	428
1522932202	0	0	0	0	0	0	0	0	0	0	1	0	3	0	0	0	0	0	0	0	296	27.800954198473278	ru	941.0	102.0	1	942
1523028286	0	0	0	2	0	0	0	0	0	0	1	0	3	0	0	0	0	0	0	0	297	35.95363636363638	ru	2772.0	329.0	1	563
1523283577	0	0	0	0	0	0	0	0	0	0	0	0	9	0	0	0	0	0	0	0	298		id	473.0	51.0	3	1314
1523283630	0	0	0	0	0	0	0	0	0	0	0	0	9	0	0	0	0	0	0	0	299		uk	408.0	49.0	3	1304
1523528630	0	2	0	3	0	0	0	0	0	0	0	0	0	0	0	0	1	0	0	0	300	20.93430107526882	ru	2821.0	300.0	0	2242
1523582003	0	1	0	0	0	0	0	0	0	2	0	0	3	0	0	0	0	0	1	0	301	-11.815418215613391	ru	2240.0	226.0	1	2776
1523611578	0	0	0	4	0	0	0	0	0	0	0	0	3	0	0	0	0	0	3	0	302	-76.73191823899371	ru	2071.0	214.0	0	1511
1523851989	0	0	0	0	0	0	0	0	0	0	0	0	6	0	0	0	0	0	0	0	303	-13.418978052126192	ru	5779.0	615.0	1	1546
1524047306	0	0	0	0	0	0	0	0	0	0	1	0	4	0	0	0	0	0	0	0	304	-33.16730607966457	ru	3952.0	407.0	2	1130
1524050148	2	0	0	0	0	0	0	0	0	0	0	0	0	0	0	0	1	0	0	0	305	-36.644601990049736	ru	1451.0	165.0	1	190
1524114426	0	0	0	0	0	0	0	0	0	0	0	0	3	0	0	0	0	0	0	0	306	30.84867041198504	ru	6727.0	690.0	1	703
1524129805	0	0	0	0	0	0	0	0	0	0	0	0	7	0	0	0	0	0	0	0	307	0.20976545253864742	ru	3619.0	365.0	2	1226
1524229616	0	0	0	0	0	0	0	0	0	0	0	0	0	0	0	0	0	0	0	0	308	-6.662060026587596	ru	6849.0	731.0	1	20
1524482151	0	0	0	0	0	0	0	0	0	0	2	0	2	0	0	0	0	0	0	0	309	-12.667456647398836	ru	1458.0	145.0	1	384
1524559590	0	0	0	0	0	0	0	0	0	0	12	0	5	0	0	0	0	0	0	0	310	51.26357142857145	ru	179.0	19.0	1	3090
1524569795	0	0	0	0	0	0	0	0	0	0	7	0	2	0	0	0	0	0	0	0	311	17.872499999999974	ru	179.0	18.0	1	4534
1524801802	0	0	0	0	0	0	0	0	0	0	1	0	2	0	0	0	0	0	1	0	312	7.414483985765116	ru	4599.0	463.0	1	1837
1525074569	0	0	0	0	0	0	0	0	0	0	0	0	3	0	0	0	0	0	0	0	313	6.640736137667346	ru	3890.0	425.0	1	819
1525088749	0	0	0	0	0	0	0	0	0	0	2	0	4	0	0	0	0	0	0	0	314	-28.131213592232996	ru	2259.0	259.0	1	834
1525255856	0	0	0	0	0	0	0	0	0	0	7	0	2	0	0	0	0	0	0	0	315	-27.967325581395357	ru	343.0	37.0	1	2981
1525263782	0	0	0	4	0	0	0	0	0	0	0	0	2	0	0	0	0	0	0	0	316	17.788147001551494	ru	39396.0	3640.0	1	713
1525316328	0	0	0	0	0	0	0	0	0	0	1	0	0	0	1	0	0	0	0	0	317	18.643988775280633	ru	41286.0	3864.0	1	1127
1525434868	0	0	0	0	0	0	0	0	1	0	0	0	0	0	0	0	2	0	0	0	318	26.195303030303023	ru	814.0	92.0	2	922
1525675445	0	0	0	0	0	0	0	0	0	0	0	0	3	0	0	0	0	0	0	0	319	-22.136940298507454	ru	1640.0	166.0	1	862
1525685929	0	0	0	0	0	0	0	0	0	0	2	0	4	0	0	0	0	0	0	0	320	41.54290354144311	ru	6474.0	643.0	1	964
1525700054	0	0	0	3	0	0	0	0	0	0	1	0	5	0	0	0	0	0	0	0	321	-5.93444837340877	ru	2311.0	234.0	1	1429
1525943140	0	0	0	0	0	0	0	0	0	0	1	0	0	0	0	0	1	0	0	0	322	34.092142857142875	ru	97.0	11.0	1	211
1525948058	0	0	0	0	0	0	0	0	0	0	4	0	19	0	0	0	0	0	0	0	323	15.645718917917378	ru	3946.0	430.0	8	3261
1526113285	0	0	0	0	0	0	0	0	0	0	0	0	3	0	0	0	0	0	0	2	324	-99.38722222222222	ru	3014.0	256.0	1	373
1526122290	0	0	0	0	0	0	0	0	0	0	0	0	0	0	0	0	0	0	0	0	325	-3.746544117647062	ru	6195.0	663.0	0	0
1526530704	0	0	0	0	0	0	0	0	0	3	0	0	5	0	0	0	0	0	0	0	326	8.541301531213207	ru	2138.0	234.0	1	1383
1526557934	0	0	0	0	0	0	0	0	0	3	0	0	4	0	0	0	0	0	0	0	327	-11.619775280898864	ru	2136.0	223.0	1	1301
1526614432	0	0	0	0	0	0	0	0	0	0	0	0	4	0	0	0	0	0	0	0	328	-254.49219665271966	ru	2019.0	205.0	2	978
1526619189	0	0	0	0	0	0	0	0	0	3	0	0	4	0	0	0	0	0	0	0	329	-72.83615384615385	ru	2669.0	261.0	1	1361
1526976560	0	0	0	0	0	0	0	0	0	0	0	0	2	0	0	0	0	0	0	0	330	25.592611111111125	ru	1495.0	155.0	1	2312
1527004614	0	0	0	0	0	0	0	0	0	0	1	0	3	0	0	0	1	0	0	0	331	-85.81587719298247	ru	3378.0	339.0	1	909
1527148330	1	0	0	0	0	0	0	0	0	0	0	0	3	0	0	0	0	0	1	0	332	-15.00802785419532	ru	5614.0	606.0	1	501
1527525025	0	4	0	0	0	0	0	0	0	1	0	0	11	0	0	0	0	0	0	0	333	16.167335600907023	ru	2292.0	203.0	0	2827
1527599134	0	95	0	0	0	0	0	0	0	0	0	0	0	0	0	0	0	0	0	0	334	24.705214805175842	ru	35793.0	3499.0	1	7882
1527666203	0	0	0	0	0	0	0	0	0	0	1	0	3	0	0	0	0	0	0	0	335	32.38373669316803	ru	11846.0	1164.0	1	1303
1527677662	0	0	0	0	0	0	0	0	0	0	0	0	3	0	0	0	0	0	0	0	336	-120.12467741935487	ru	1044.0	106.0	1	375
1527677865	0	0	0	0	0	0	0	0	0	0	0	0	3	0	0	0	0	0	0	0	337	39.78395833333332	ru	715.0	73.0	1	598
1527769311	0	0	0	0	0	0	0	0	0	0	0	0	0	0	3	0	5	0	3	0	338	49.31967928011076	ru	1360.0	153.0	11	2634
1527825428	0	0	0	0	0	0	0	0	0	0	0	0	0	0	0	0	0	0	0	0	339	-63.12122641509433	ru	2895.0	311.0	1	0
1527871813	0	0	0	0	0	0	0	0	0	0	1	0	5	0	0	0	0	0	0	0	340	33.612119325030136	ru	7921.0	888.0	2	2027
1528107512	0	0	0	0	0	0	0	0	0	0	0	0	20	0	0	0	0	0	0	0	341	-304.0148084291188	ru	2197.0	208.0	0	3424
1528109511	0	0	0	0	0	0	0	0	0	0	0	0	2	0	0	0	1	0	0	0	342	24.491984126984136	ru	1336.0	149.0	1	971
1528112240	0	0	0	0	0	0	0	0	0	0	1	0	5	0	0	0	0	0	0	0	343	-11.406191983122369	ru	5125.0	519.0	1	1122
1528198248	0	0	0	0	0	0	0	0	1	2	0	0	0	0	0	0	2	0	0	1	344	-110.4929411764706	ru	1020.0	111.0	3	332
1528204211	0	0	0	5	0	0	0	0	0	0	4	0	41	0	0	0	3	0	1	0	345	15.040882352941168	ru	260.0	30.0	14	11418
1528277317	0	0	0	0	0	0	0	0	0	0	0	0	2	0	0	0	0	0	0	0	346	0.13225164614942742	ru	7687.0	789.0	1	263
1528296301	0	2	0	0	0	0	0	0	0	0	0	0	20	0	0	0	0	0	0	0	347	34.35578565980168	ru	2959.0	330.0	6	2378
1528352753	0	0	0	0	0	0	0	0	0	0	0	0	4	0	0	0	1	0	0	0	348	27.472192982456107	ru	804.0	91.0	1	1308
1528354749	0	0	0	0	0	0	0	0	0	0	3	0	0	0	0	0	0	0	1	0	349	0.022222222222211485	ru	4142.0	442.0	1	1469
1528356930	0	0	0	0	0	0	0	0	0	0	0	0	3	0	0	0	2	0	0	0	350	68.66854037267082	ru	1215.0	127.0	1	891
1528362051	0	0	0	0	0	0	0	0	0	0	0	0	2	0	0	0	0	0	0	0	351	0.12527394106811585	ru	4162.0	444.0	1	183
1528375451	0	0	0	0	0	0	0	0	0	0	2	0	3	0	0	0	0	0	0	0	352	3.4785714285714278	ru	3232.0	326.0	1	1188
1528446677	0	0	0	0	0	0	0	0	0	0	0	0	2	0	0	0	0	0	0	0	353	-109.42272357723576	ru	920.0	103.0	1	1433
1528449655	0	0	0	0	0	0	0	0	0	0	0	0	0	0	0	0	0	0	0	0	354	-3.262540983606584	ru	474.0	47.0	1	128
1528695921	0	0	0	0	0	0	0	0	0	0	2	0	0	0	0	0	0	0	0	0	355	12.083080495356029	ru	2355.0	259.0	1	4150
1528795771	0	0	0	0	0	0	0	0	0	0	1	0	3	0	0	0	0	0	0	0	356	-25.532982832618018	ru	1772.0	198.0	1	2215
1528880878	0	0	0	0	0	0	0	0	0	0	0	0	4	0	0	0	0	0	0	0	357	17.969440858173527	ru	3631.0	388.0	1	1234
1528954177	0	0	0	0	0	0	0	0	0	0	9	0	15	0	0	0	2	0	0	0	358	86.37785714285714	ru	100.0	12.0	5	3254
1528966542	0	0	0	5	0	0	0	0	0	0	0	0	2	0	0	0	0	0	0	0	359	17.91932539682537	ru	4586.0	424.0	1	2400
1528977855	0	0	0	0	0	0	0	0	0	0	0	0	3	0	0	0	0	0	0	0	360	13.831571428571408	ru	5254.0	564.0	2	2476
1529045823	0	0	0	0	0	0	0	0	0	0	0	0	2	0	0	0	0	0	0	0	361	31.252368421052637	ru	1500.0	163.0	1	307
1529066251	0	0	0	0	0	0	0	0	0	0	0	0	0	0	0	0	2	0	0	0	362	0.4647668997668859	ru	3480.0	341.0	1	1151
1529193535	0	0	0	0	0	0	0	0	0	0	0	0	0	0	0	0	1	0	0	0	363	111.48500000000001	ru	22.0	4.0	1	464
1529381267	0	0	0	0	0	0	0	0	0	0	0	0	2	0	0	0	0	0	0	0	364	32.92165338645418	ru	3795.0	393.0	1	325
1529467369	0	0	0	2	0	0	0	0	0	0	1	0	0	0	0	0	0	0	0	0	365	31.654585326953764	ru	1945.0	225.0	2	241
1529475241	0	0	0	0	0	0	0	0	0	0	0	0	7	0	0	0	0	0	0	0	366	-8.628219006788129	ru	5108.0	513.0	1	2777
1529476594	0	0	0	0	0	0	0	0	0	0	0	0	0	0	0	0	0	0	0	0	367	-81.77090909090907	ru	1493.0	176.0	1	0
1529556634	0	0	0	0	0	0	0	0	0	0	0	0	0	0	0	0	2	0	0	0	368	15.470416666666665	ru	421.0	39.0	0	398
1529650277	0	6	0	0	0	0	0	0	0	5	1	0	0	7	0	0	2	0	0	0	369	33.527950413223124	ru	7555.0	792.0	2	2360
1529666645	0	0	0	0	0	0	0	0	0	0	0	0	2	0	0	0	0	0	0	0	370	13.106875000000002	ru	1209.0	131.0	1	251
1529735595	0	0	0	0	0	0	0	0	0	0	0	0	2	0	0	0	0	0	0	0	371	26.62325136612023	ru	2625.0	289.0	1	946
1529738541	0	0	0	0	0	0	0	0	0	0	1	0	3	0	0	0	0	0	0	0	372	21.34237179487181	ru	731.0	86.0	1	266
1529740442	0	0	0	0	0	0	0	0	0	0	0	0	0	0	0	0	5	0	0	0	373	-42.220769230769235	ru	2596.0	253.0	5	2560
1530004625	0	4	0	0	0	0	0	0	0	2	0	0	12	7	0	0	0	0	0	0	374	-13.294709292555865	ru	4151.0	441.0	2	2701
1530097032	1	0	0	1	0	0	0	0	0	0	0	0	0	0	0	0	0	0	1	0	375	-0.2701173708919953	ru	2395.0	287.0	1	317
1530100298	0	0	0	0	0	0	0	0	0	0	0	0	2	0	0	0	0	0	0	0	376	-18.95416666666665	ru	960.0	99.0	1	591
1530253658	0	9	0	0	0	0	0	0	0	2	0	0	0	0	0	0	0	0	0	0	377	4.125547476475646	ru	3696.0	404.0	2	3551
1530271626	0	0	0	0	0	0	0	0	0	0	0	0	4	0	0	0	0	0	0	0	378	27.223342857142853	ru	6711.0	709.0	1	512
1530275735	0	0	0	0	0	0	0	0	0	0	1	0	3	0	0	0	0	0	0	0	379	-74.96010680576256	ru	5068.0	524.0	1	1110
1530355406	0	0	0	0	0	0	0	0	1	0	1	0	0	0	0	0	1	0	0	0	380	-2.811976744186012	ru	1095.0	106.0	2	343
1530362367	0	0	0	0	0	0	0	0	0	0	0	0	2	0	0	0	0	0	0	0	381	-20.677857142857135	ru	1427.0	148.0	1	189
1530527134	0	0	0	0	0	0	0	0	0	0	0	0	0	0	0	0	0	0	0	0	382	-123.95583333333335	ru	1944.0	188.0	0	0
1530680502	0	0	0	1	0	0	0	0	0	0	0	0	0	0	0	0	1	0	0	0	383	33.28879368953196	ru	8088.0	784.0	1	581
1530696309	0	0	0	0	0	0	0	0	0	2	0	0	5	0	0	0	0	0	0	0	384	13.056167048054903	ru	4442.0	489.0	1	709
1530752127	0	0	0	0	0	0	0	0	0	0	0	0	2	0	0	0	0	0	0	0	385	14.387732240437145	ru	924.0	93.0	1	307
1530778133	0	0	0	0	0	0	0	0	0	0	0	0	2	0	0	0	0	0	0	0	386	34.22338575951531	ru	7902.0	765.0	1	551
1530789488	0	0	0	0	0	0	0	0	0	0	0	0	3	0	0	0	0	0	0	0	387	-87.98166666666668	ru	1608.0	179.0	1	321
1530809313	0	0	0	0	0	0	0	0	0	0	0	0	2	0	0	0	0	0	0	0	388	-0.8769369369369429	ru	1005.0	92.0	1	258
1530852772	0	0	0	0	0	0	0	0	0	0	0	0	2	0	0	0	0	0	0	0	389	-21.47999999999999	ru	556.0	54.0	1	327
1530871110	0	0	0	0	0	0	0	0	0	0	2	0	10	0	0	0	0	0	0	0	390	10.800274725274733	ru	2165.0	228.0	4	1185
1530873546	0	0	0	0	0	0	0	0	0	2	0	0	0	0	0	0	0	0	0	0	391	16.734967029343892	ru	2329.0	275.0	2	1678
1530876360	0	0	0	0	0	0	0	0	0	0	0	0	2	0	0	0	0	0	0	0	392	39.52216666666669	ru	4152.0	461.0	1	426
1530883469	0	0	0	1	0	0	0	0	0	0	0	0	4	0	0	0	0	0	0	0	393	43.484351842187664	ru	7118.0	720.0	2	646
1531071607	0	0	0	0	0	0	0	0	0	0	0	0	2	0	0	0	0	0	0	0	394	40.01422077922078	ru	1132.0	120.0	1	355
1531131846	0	0	0	0	0	0	0	0	0	0	0	0	2	0	0	0	0	0	0	0	395	15.949610389610399	ru	3729.0	380.0	1	264
1531306440	0	0	0	5	0	0	0	0	0	0	0	0	2	0	0	0	0	0	0	0	396	26.457354399008665	ru	2151.0	223.0	1	2028
1531386324	0	0	0	0	0	0	0	0	0	0	0	0	2	0	0	0	0	0	0	0	397	-68.6136956521739	ru	730.0	80.0	1	313
1531391714	0	0	0	0	0	0	0	0	0	0	0	0	2	0	0	0	0	0	0	0	398	-245.59449308755762	ru	1831.0	176.0	1	253
1531391723	0	2	0	0	0	0	0	0	0	0	0	0	0	0	0	0	1	0	0	0	399	-28.814597069597056	ru	4531.0	454.0	1	708
1531397803	0	0	0	2	1	0	0	0	0	0	0	0	8	7	0	0	0	0	0	0	400					3	1811
1531449475	0	0	0	0	0	0	0	0	0	0	0	0	2	0	0	0	0	0	0	0	401	34.486041666666694	ru	1387.0	144.0	1	279
1531466024	0	0	0	0	0	0	0	0	0	0	0	0	3	0	0	0	0	0	0	0	402	62.5343710691824	ru	343.0	40.0	1	316
1531741596	0	0	0	0	0	0	0	0	0	0	0	0	2	0	0	0	0	0	0	0	403	3.134999999999991	ru	146.0	16.0	1	237
1531805035	0	0	0	0	0	0	0	0	0	0	0	0	2	0	0	0	0	0	0	0	404	11.875451388888905	ru	2691.0	273.0	1	345
1531814216	0	0	0	0	0	0	0	0	0	0	0	0	2	0	0	0	0	0	0	0	405	-23.192047619047614	ru	3891.0	434.0	1	321
1531835384	0	0	0	0	0	0	0	0	0	0	0	0	4	0	0	0	0	0	0	0	406	-43.33651162790697	ru	2518.0	244.0	1	688
1531893849	0	0	0	0	0	0	0	0	0	0	0	0	2	0	0	0	0	0	0	0	407	21.418972366148523	ru	2870.0	310.0	1	274
1531912100	0	0	0	0	0	0	0	0	0	0	0	0	29	0	0	0	0	0	0	0	408	-15.84338827838829	ru	6526.0	661.0	1	2889
1531912590	0	0	0	0	0	0	0	0	0	0	0	0	293	0	0	0	0	0	0	0	409	0.07750000000001478	ru	280.0	29.0	1	31615
1531978179	0	0	0	0	0	0	0	0	0	0	0	0	0	0	0	0	0	0	0	0	410	-74.62611111111113	ru	1416.0	170.0	1	20
1532062920	0	0	0	0	0	0	0	0	0	0	0	0	2	0	0	0	0	0	0	0	411	-39.89569544364508	ru	3566.0	351.0	1	520
1532320132	0	0	0	0	0	0	0	0	0	0	0	0	2	0	0	0	0	0	0	0	412	-30.0837418936446	ru	2084.0	223.0	1	680
1532325523	0	0	0	0	0	0	0	0	0	0	0	0	13	0	0	0	1	0	0	0	413	13.534999999999997	ru	75.0	9.0	1	2488
1532407062	0	0	0	0	0	0	0	0	0	0	0	0	3	0	0	0	0	0	0	0	414	-12.43269230769232	ru	1692.0	184.0	1	564
1532418495	0	0	0	0	0	0	0	0	0	0	0	0	2	0	0	0	0	0	0	0	415	-19.528340807174857	ru	1613.0	169.0	1	297
1532422528	0	2	0	1	0	0	0	0	0	0	0	0	0	0	0	0	0	0	1	0	416	10.40863465160075	ru	4588.0	487.0	0	838
1532431087	0	0	0	0	0	0	0	0	0	0	1	0	4	0	0	0	0	0	0	0	417	93.48090413943356	ru	3942.0	417.0	1	762
1532431118	0	0	0	0	0	0	0	0	0	0	2	0	5	0	0	0	0	0	0	0	418	16.11500000000001	ru	285.0	28.0	1	667
1532493835	0	0	0	1	0	0	0	0	0	0	0	0	4	0	0	0	0	0	0	0	419	2.249378183361614	ru	4638.0	490.0	1	2203
1532581577	0	0	0	0	0	0	0	0	0	0	3	0	4	0	0	0	0	0	0	0	420	7.671976744186054	ru	1288.0	135.0	1	901
1532688250	0	0	0	0	0	0	0	0	0	0	3	0	2	0	0	0	0	0	0	0	421	15.943333333333356	ru	94.0	9.0	1	671
1533203633	0	0	0	0	0	0	0	0	0	0	0	0	0	0	0	0	0	0	0	0	422	53.985000000000014	ru	15.0	2.0	0	0
1533538157	0	0	0	0	0	0	0	0	0	0	0	0	0	0	0	0	0	0	0	0	423	-4.666246105919015	ru	851.0	89.0	1	78
1533630598	0	0	0	1	0	0	0	0	0	0	1	0	0	0	0	0	2	0	0	0	424	-130.4643103448276	ru	1059.0	115.0	0	563
1533630926	0	0	0	0	0	0	0	0	0	0	0	0	2	0	0	0	0	0	0	0	425	30.676865079365115	ru	988.0	111.0	1	344
1533721961	0	0	0	0	0	0	0	0	1	0	0	0	0	0	0	0	1	0	0	0	426	23.857861356932176	ru	839.0	91.0	2	684
1533723061	0	0	0	0	0	0	0	0	0	0	1	0	5	0	0	0	0	0	0	0	427	33.76122269864666	ru	3208.0	352.0	1	741
1533723614	0	0	0	0	0	0	0	0	0	0	1	0	3	0	0	0	0	0	0	0	428	-32.5353703703704	ru	423.0	42.0	1	533
1533878490	0	0	0	0	0	0	0	0	0	0	0	0	3	0	0	0	0	0	1	0	429	-113.7567808219178	ru	3667.0	356.0	1	605
1533904188	0	0	0	0	0	0	0	0	0	0	1	0	4	0	0	0	0	0	0	0	430	-21.506304347826102	ru	391.0	40.0	1	502
1534159783	0	0	0	2	0	0	0	0	0	0	1	0	0	0	0	0	0	0	0	0	431	35.593333333333334	ru	467.0	49.0	2	182
1534261832	0	0	0	0	0	0	0	0	0	0	1	0	6	0	0	0	0	0	0	0	432	21.99362068965516	ru	429.0	45.0	1	710
1534331141	0	0	0	1	0	0	0	0	0	0	0	0	42	0	0	0	9	0	2	0	433	22.03123593615669	ru	6646.0	672.0	2	6124
1534659647	0	0	0	0	0	0	1	0	0	0	0	0	0	0	0	0	0	0	0	0	434	8.77223404255318	ru	745.0	74.0	1	742
1534837029	0	0	0	0	0	0	0	0	0	0	0	0	2	0	0	0	0	0	0	0	435	-42.410652173913036	ru	376.0	37.0	1	237
1534854539	0	0	0	0	0	0	0	0	0	0	4	0	4	0	0	0	0	0	0	0	436	42.302630220932116	ru	5054.0	554.0	1	1977
1534917722	0	0	0	12	0	0	0	0	0	0	0	0	10	0	0	0	0	0	0	0	437	13.668204633204624	ru	5622.0	503.0	2	3658
1534929113	0	0	0	0	0	0	0	0	0	0	0	0	2	0	0	0	0	0	0	0	438	-0.4449999999999932	ru	724.0	77.0	1	285
1534931602	0	0	0	1	0	0	0	0	0	0	0	0	2	0	0	0	0	0	0	0	439	19.524428571428587	ru	8472.0	860.0	1	764
1535018021	0	0	0	0	0	0	0	0	0	0	0	0	3	0	0	0	0	0	0	0	440					1	805
1535073308	0	0	0	0	0	0	0	0	0	2	0	0	0	0	0	0	0	0	5	0	441	60.36357142857145	ru	45.0	5.0	4	839
1535275960	0	0	0	0	0	0	0	0	0	3	0	0	10	0	0	0	0	0	0	0	442	-38.37177685950411	ru	3988.0	412.0	1	1165
1535365831	0	0	0	0	0	0	0	0	0	0	1	0	3	0	0	0	0	0	0	0	443	46.743951406649614	ru	2623.0	320.0	1	262
1535418197	2	0	0	4	0	0	0	0	0	0	0	0	0	0	4	0	0	0	4	0	444	-9.860833333333318	ru	5267.0	568.0	0	5231
1535434510	0	0	0	0	0	0	0	0	0	0	0	0	2	0	0	0	0	0	0	0	445	58.70914047151277	ru	2945.0	359.0	1	680
1535446781	0	0	0	0	0	0	0	0	0	0	0	0	1	0	0	0	0	0	0	0	446	-0.42026315789473756	ru	663.0	74.0	1	287
1535447668	0	0	0	0	0	0	0	0	0	0	0	0	2	0	0	0	0	0	0	0	447	-158.49090361445784	ru	1187.0	121.0	1	237
1535520812	0	2	0	0	0	0	0	0	0	0	0	0	0	0	1	0	2	0	1	0	448	26.85211779448622	ru	2608.0	236.0	4	1263
1535531961	0	0	0	0	0	0	0	0	0	0	0	0	0	0	0	0	3	0	0	0	449	-7.666587301587299	ru	407.0	48.0	3	693
1535533932	0	0	0	0	0	0	0	0	0	0	1	0	3	0	0	0	0	0	0	0	450	-11.158303571428576	ru	2134.0	192.0	1	417
1535539978	0	0	0	0	0	0	0	0	0	0	0	0	3	0	0	0	0	0	0	0	451	-5.261752136752165	ru	4635.0	446.0	1	2712
1535547115	0	0	0	0	0	0	0	0	0	0	1	0	5	0	0	0	0	0	0	0	452	-3.582371545167888	ru	5194.0	513.0	1	1157
1535613511	0	4	0	0	0	0	0	0	0	2	1	0	0	7	6	0	0	0	0	0	453	26.050100527034914	ru	8386.0	904.0	9	5110
1535621548	0	0	0	0	0	0	0	0	0	0	0	0	11	0	0	0	0	0	0	0	454	-55.739666666666665	ru	1783.0	180.0	0	3886
1535629464	0	0	0	0	0	0	0	0	0	0	0	0	15	0	0	0	0	0	0	0	455	20.751883025257513	ru	5768.0	610.0	1	7696
1535631998	0	0	0	0	0	0	0	0	0	0	1	0	3	0	0	0	0	0	0	0	456	-200.0211320754717	ru	1402.0	170.0	1	314
1535654095	0	0	0	0	0	0	0	0	1	0	0	0	0	0	0	0	0	0	0	0	457	-3.449397163120551	ru	1000.0	114.0	2	902
1535715594	0	0	0	0	0	0	0	0	0	0	0	0	0	0	0	0	0	0	1	0	458	35.785	ru	113.0	13.0	1	138
1535892297	0	0	0	0	0	0	0	0	0	0	0	0	3	0	0	0	0	0	0	0	459	29.551489361702124	ru	1362.0	162.0	1	317
1535948873	0	0	0	0	0	0	0	0	0	0	0	0	0	0	0	0	0	0	0	0	460	-4.071451612903246	ru	246.0	25.0	0	1134
1535958656	0	0	0	0	0	0	0	0	0	0	0	0	0	0	0	0	0	0	0	0	461	30.714103866875803	ru	3557.0	394.0	0	79
1535970733	0	0	0	0	0	0	0	0	0	0	0	0	5	10	0	0	0	0	1	0	462	-0.8919955876454253	ru	4401.0	461.0	1	2612
1535973629	0	0	0	0	0	0	0	0	0	0	0	0	0	0	0	0	0	0	1	0	463	5.414310344827555	ru	216.0	25.0	1	310
1536048491	0	0	0	4	0	0	0	0	0	0	0	0	2	0	0	0	0	0	0	0	464	-13.432181996086115	ru	4213.0	419.0	1	1979
1536055385	0	0	0	0	0	0	0	0	0	0	0	0	0	0	0	0	5	0	0	0	465	49.28236842105261	ru	371.0	42.0	5	750
1536056081	0	0	0	0	0	0	0	0	0	1	0	0	2	0	0	0	1	0	0	0	466	16.41559866962308	ru	6615.0	748.0	2	315
1536119138	0	0	0	0	0	0	0	0	0	0	0	0	0	0	0	0	0	0	0	0	467	-7.948870967741925	ru	252.0	25.0	0	2567
1536133171	0	0	0	2	0	0	0	0	0	0	1	0	0	0	1	0	0	0	0	0	468	-108.26954545454544	ru	889.0	84.0	0	487
1536145242	0	0	0	0	0	0	0	0	0	0	1	0	2	0	0	0	0	0	0	0	469	30.505588235294113	ru	693.0	84.0	1	796
1536154386	0	0	0	0	0	0	0	0	0	0	1	0	6	0	0	0	0	0	0	0	470	32.69932098765432	ru	3450.0	321.0	2	835
1536204475	0	0	0	0	0	0	0	0	0	0	0	0	0	0	0	0	0	0	5	0	471	-17.406999999999982	ru	616.0	63.0	5	595
1536209082	0	0	0	0	0	0	0	0	0	0	0	0	0	0	0	0	0	0	5	0	472	-16.60566666666668	ru	599.0	63.0	5	577
1536214537	0	0	0	0	0	0	0	0	0	0	0	0	2	0	0	0	0	0	0	0	473		tr	697.0	71.0	1	532
1536310423	0	4	0	0	0	0	0	0	0	2	0	0	4	7	0	0	0	0	0	0	474	-12.039696889826018	ru	2145.0	213.0	1	1585
1536564917	0	0	0	1	0	0	0	0	0	0	0	0	0	0	0	0	0	0	0	0	475	-27.187351421188637	ru	6218.0	605.0	0	249
1536656040	0	0	0	0	0	0	0	0	0	0	1	0	6	0	0	0	0	0	0	0	476	-25.30853741496597	ru	1166.0	122.0	0	1546
1536673780	0	0	0	0	0	0	0	0	0	0	1	0	5	0	0	0	0	0	0	0	477	-22.9651996007984	ru	4285.0	416.0	1	1140
1536729528	0	1	0	9	0	0	0	0	0	0	1	0	2	0	0	0	2	0	0	1	478	13.40565217391304	ru	2151.0	240.0	1	2157
1536735192	0	0	0	0	0	0	0	0	0	0	0	0	0	0	0	0	0	0	0	0	479	34.520555555555546	ru	685.0	75.0	0	82
1536756548	0	0	0	0	0	0	0	0	0	0	1	0	2	0	0	0	0	0	0	0	480	-49.64346153846154	ru	509.0	56.0	1	184
1536808327	0	0	0	0	0	0	0	0	0	0	0	0	0	0	0	0	0	0	0	0	481	-140.6316666666667	ru	1086.0	118.0	0	57
1536825864	0	0	0	0	0	0	0	0	0	0	0	0	3	0	0	0	0	0	0	0	482	40.28505452562706	ru	887.0	104.0	1	319
1536827213	0	0	0	0	0	0	0	0	0	0	1	0	6	0	0	0	0	0	0	0	483	19.90602138522837	ru	13205.0	1339.0	2	3898
1536834307	0	0	0	0	0	0	0	0	0	0	3	0	4	0	0	0	0	0	0	0	484	29.73431704445099	ru	5878.0	630.0	1	1359
1536901089	0	0	0	1	0	0	1	0	0	0	0	0	0	0	0	0	0	0	0	0	485	-110.99357142857144	ru	1249.0	91.0	1	1332
1536907041	0	0	0	0	0	0	0	0	0	0	0	0	0	0	0	0	0	0	0	0	486	-123.44559701492537	ru	985.0	112.0	0	57
1536917041	0	9	0	0	0	0	0	0	0	2	0	0	0	0	0	0	0	0	0	0	487	25.692625570776272	ru	2589.0	295.0	2	3551
1536917174	0	0	0	0	0	0	0	0	0	0	1	0	4	0	0	0	0	0	0	0	488	32.32326868495744	ru	1321.0	117.0	1	361
1536917938	0	0	0	0	0	0	0	0	0	0	1	0	2	0	0	0	0	0	0	0	489	24.116914893617007	ru	666.0	78.0	1	803
1536918404	0	0	0	0	0	0	0	0	0	0	0	0	0	0	0	0	1	0	0	0	490	22.892070707070715	ru	1676.0	142.0	0	838
1536919199	0	1	0	0	0	0	0	0	0	0	0	0	5	0	0	0	0	0	0	0	491					1	1168
1536926489	0	0	0	0	0	0	0	0	0	0	0	0	42	0	0	0	13	0	2	0	492	3.9742290249432983	ru	2448.0	276.0	3	6583
1536930655	0	0	0	0	0	0	1	0	0	0	0	0	0	0	0	0	0	0	0	0	493	78.90670731707318	ru	277.0	26.0	1	411
1536932755	1	0	0	0	0	0	0	0	0	0	0	0	1	0	0	0	0	0	0	0	494	1.084069579288041	ru	6391.0	672.0	1	310
1537112300	0	0	0	0	0	0	0	0	0	0	0	0	0	0	0	0	0	0	0	0	495	-30.125606060606046	ru	488.0	55.0	1	100
1537177671	0	0	0	0	0	0	0	0	0	0	1	0	2	0	0	0	0	0	0	0	496	24.543843537414972	ru	1329.0	157.0	1	186
1537181106	0	0	0	0	0	0	0	0	0	0	0	0	2	0	0	0	0	0	0	0	497	52.159348495302794	ru	7026.0	713.0	1	2301
1537181349	0	1	0	0	0	0	0	0	0	0	0	0	2	0	0	0	0	0	0	0	498	48.1461677282378	ru	2479.0	254.0	1	939
1537181503	0	0	0	0	0	0	0	0	0	0	0	0	2	0	0	0	0	0	0	0	499	44.37916922993901	ru	4531.0	419.0	1	1660
1537247655	0	0	0	0	0	0	0	0	0	0	0	0	0	0	0	0	0	0	0	0	500	-104.40924778761064	ru	858.0	95.0	0	57
1537251515	0	0	0	0	0	0	0	0	0	0	1	0	0	0	0	0	0	0	0	0	501	29.05956445993033	ru	1181.0	136.0	0	177
1537261881	0	0	0	0	0	0	0	0	0	0	1	0	0	0	0	0	0	0	0	0	502	31.30229117876658	ru	1251.0	146.0	0	177
1537264697	0	0	0	1	0	0	0	0	0	0	0	0	0	0	0	0	1	0	0	0	503	9.144058927000856	ru	17061.0	953.0	1	504
1537265100	0	0	0	0	0	0	0	0	0	0	0	0	2	0	0	0	0	0	0	0	504	14.515614672273927	ru	17006.0	937.0	1	474
1537265352	0	6	0	2	0	0	0	0	0	0	0	0	2	0	0	0	0	0	0	0	505	21.744681372549053	ru	2732.0	230.0	4	1559
1537269722	0	0	0	0	0	0	0	0	0	0	1	0	2	0	0	0	1	0	0	0	506	25.324925681255166	ru	2475.0	268.0	1	778
1537329435	0	0	0	0	0	0	0	0	0	0	0	0	0	0	0	0	0	0	0	0	507	24.75627659574468	ru	1382.0	156.0	0	82
1537335053	0	0	0	0	0	0	0	0	0	0	0	0	3	0	0	0	0	0	0	0	508	13.232382920110183	ru	1005.0	97.0	1	456
1537340515	0	0	0	0	0	0	0	0	0	0	0	0	4	0	0	0	0	0	0	0	509	-92.14219298245618	ru	852.0	91.0	1	1487
1537343664	0	0	0	0	0	0	0	0	0	0	1	0	0	0	0	0	0	0	0	0	510	-25.037365339578443	ru	3031.0	355.0	0	177
1537357676	0	1	0	0	0	0	0	0	0	1	0	0	19	0	0	0	0	0	0	0	511	31.42742337834011	ru	16678.0	1796.0	1	5266
1537441365	0	0	0	6	0	0	0	0	0	0	4	0	5	0	0	0	0	0	0	0	512	2.371246701846985	ru	2838.0	302.0	0	4781
1537448744	0	0	0	0	0	0	0	0	0	8	3	0	23	0	0	0	2	0	0	0	513	-619.07	en	3984.0	535.0	1	12307
1537512308	0	0	0	0	0	0	0	0	0	0	1	0	2	0	0	0	0	0	0	0	514	-2.7794927536232024	ru	967.0	111.0	1	186
1537607283	0	0	0	0	0	0	0	0	0	0	0	0	6	0	0	0	1	0	1	0	515	-117.95683673469387	ru	1027.0	114.0	4	1092
1537774039	0	0	0	0	0	0	0	0	0	0	3	0	2	0	0	0	0	0	0	0	516	-9.047339955849878	ru	2166.0	230.0	1	671
1537784109	0	0	0	0	0	0	0	0	0	0	0	0	0	0	0	0	0	0	0	0	517	23.010866666666658	ru	956.0	114.0	0	82
1537784136	0	0	0	0	0	0	0	0	0	0	0	0	0	0	0	0	0	0	0	0	518	17.011652892561983	ru	889.0	103.0	0	82
1537784623	0	0	0	0	0	0	0	0	0	0	3	0	2	0	0	0	0	0	0	0	519	0.41418367346940954	ru	1818.0	189.0	1	671
1537796133	0	0	0	1	0	0	0	0	0	0	1	0	0	0	0	0	0	0	0	0	520	6.5769407008086205	ru	1914.0	220.0	1	164
1537859203	0	0	0	0	0	0	0	0	0	0	0	0	1	0	0	0	1	0	0	0	521	-5.587777777777774	ru	1568.0	144.0	2	767
1537865479	0	1	0	9	0	0	0	0	0	0	1	0	0	0	0	0	0	0	0	0	522	-4.161073298429329	ru	1521.0	158.0	0	1082
1537868856	0	0	0	0	0	0	0	0	0	0	0	0	8	0	0	0	0	0	0	0	523	-9.126283185840691	ru	919.0	93.0	1	1691
1537879538	0	0	0	0	0	0	0	0	0	0	0	0	1	0	0	0	1	0	0	0	524	-239.87429203539824	ru	1876.0	173.0	2	726
1537942571	0	2	0	0	0	0	0	0	0	0	2	0	2	0	0	0	0	0	1	0	525	7.855833333333322	ru	184.0	20.0	2	1080
1537948285	0	0	0	0	0	0	0	0	0	0	0	0	25	0	0	0	2	0	0	0	526					4	4706
1537971716	0	0	0	4	0	0	0	0	0	0	10	0	16	0	0	0	0	0	0	0	527	9.256474028207776	ru	5473.0	562.0	4	4443
1538019896	0	0	0	0	0	0	0	0	0	0	0	0	3	0	0	0	0	0	0	0	528	-12.535303788826923	ru	4366.0	441.0	1	703
1538020059	0	0	0	0	0	0	0	0	0	0	1	0	0	0	0	0	0	0	0	0	529	12.872334993773364	ru	2742.0	311.0	0	177
1538037614	0	0	0	0	0	0	0	0	0	0	1	0	2	0	0	0	0	0	0	0	530	-73.88132653061226	ru	702.0	80.0	1	192
1538041716	0	0	0	0	0	0	0	0	0	0	0	0	2	0	0	0	0	0	0	0	531	5.553369829683675	ru	2045.0	220.0	0	1012
1538053666	0	0	0	0	0	0	0	0	1	0	0	0	0	0	0	0	0	0	0	0	532	4.537477477477466	ru	828.0	87.0	0	231
1538071233	0	0	0	1	0	0	0	0	0	0	2	0	0	0	0	0	0	0	0	0	533	9.759168514412409	ru	2460.0	264.0	1	517
1538116384	0	0	0	6	0	0	4	0	0	0	5	0	0	0	0	0	0	0	2	0	534	67.13339402427636	ru	1802.0	199.0	4	6275
1538117365	0	0	0	0	0	0	0	0	0	0	6	0	4	0	0	0	0	0	0	0	535	-10.234623655913992	ru	984.0	103.0	1	1071
1538126896	0	0	0	0	0	0	0	0	0	0	0	0	2	0	0	0	0	0	0	0	536	-2.88527027027024	ru	577.0	60.0	1	248
1538136945	0	0	0	0	0	0	0	0	0	0	12	0	18	0	0	0	0	0	0	0	537	12.54581081081082	ru	256.0	31.0	1	3546
1538144214	0	0	0	0	0	0	0	0	0	0	10	0	15	0	0	0	0	0	0	0	538	12.54581081081082	ru	256.0	31.0	1	2966
1538232775	0	0	0	0	0	0	0	0	0	0	1	0	5	0	0	0	1	0	0	0	539	33.15462050706034	ru	5805.0	613.0	2	974
1538248085	0	0	0	0	0	0	0	0	0	0	1	0	3	0	0	0	0	0	0	0	540	-7.483832020997369	ru	3065.0	330.0	1	879
1538384351	0	0	0	0	0	0	0	0	0	0	0	0	0	0	0	0	0	0	0	0	541	-71.10666666666667	ru	2052.0	220.0	1	57
1538387690	0	0	0	0	0	0	0	0	0	0	8	0	12	0	0	0	0	0	0	0	542	1.4655555555555395	ru	299.0	34.0	1	2386
1538389938	0	0	0	0	0	0	0	0	0	0	1	0	2	0	0	0	0	0	0	0	543	-15.603421052631575	ru	714.0	85.0	1	184
1538450166	0	0	0	0	0	0	0	0	0	0	0	0	2	0	0	0	0	0	0	0	544	28.01942711135021	ru	2411.0	266.0	1	946
1538468299	0	0	0	0	0	0	0	0	0	0	0	0	2	0	0	0	0	0	0	0	545	-236.92760869565217	ru	1642.0	169.0	1	216
1538471073	0	0	0	4	0	0	0	0	0	0	0	0	0	0	0	0	0	0	0	0	546	-10.506834226988417	ru	8332.0	637.0	2	1326
1538472305	0	12	0	0	0	0	0	0	0	5	1	0	0	7	0	0	5	0	0	0	547	42.063726754476704	ru	6493.0	673.0	5	4200
1538472844	0	0	0	0	0	0	0	0	0	0	1	0	2	0	0	0	0	0	0	0	548	-71.06396907216494	ru	670.0	76.0	1	184
1538473181	0	0	0	0	0	0	1	0	0	0	2	0	0	0	0	0	0	0	0	0	549	19.07321495914522	ru	7609.0	820.0	0	2052
1538473184	0	0	0	2	0	0	0	0	0	0	0	0	0	0	0	0	0	0	0	0	550					0	464
1538478375	0	72	0	0	0	0	0	0	0	0	0	0	0	0	0	0	0	0	0	0	551	7.820714285714274	ru	165.0	16.0	1	5123
1538479300	0	0	0	0	0	0	0	0	0	0	0	0	2	0	0	0	0	0	0	0	552	-41.46338709677421	ru	492.0	49.0	1	439
1538551661	0	0	0	0	0	0	0	0	0	0	0	0	2	0	0	0	0	0	0	0	553	14.204362477231314	ru	3142.0	256.0	1	877
1538562268	0	0	0	0	0	0	0	0	0	0	1	0	2	0	0	0	0	0	0	0	554	-0.1005932203389932	ru	956.0	102.0	1	184
1538563343	0	0	0	0	0	0	0	0	0	0	0	0	2	0	0	0	0	0	1	0	555	-101.70693548387098	ru	885.0	99.0	2	508
1538583934	0	0	0	0	0	0	0	0	0	0	0	0	3	0	0	0	0	0	0	0	556	-5.895689655172447	ru	2966.0	297.0	1	373
1538627634	0	0	0	0	0	0	0	0	0	0	0	0	0	0	0	0	0	0	8	0	557	-0.2939238845144132	ru	4749.0	501.0	8	2935
1538633561	0	0	0	0	0	0	0	0	0	0	0	0	2	0	0	0	0	0	0	0	558	42.05643501805052	ru	2076.0	236.0	1	177
1538639098	0	0	0	0	0	0	0	0	0	0	0	0	0	0	0	0	1	0	0	0	559	18.12168367346939	ru	1867.0	200.0	3	683
1538735054	0	0	0	0	0	0	0	0	0	0	0	0	0	0	0	0	0	0	0	0	560	-7.948870967741925	ru	252.0	25.0	0	2567
1538806508	0	60	0	0	0	0	0	0	0	0	0	0	0	0	0	0	0	0	0	0	561	13.883066025586004	ru	18534.0	1968.0	1	4341
1538835803	0	0	0	0	0	0	0	0	0	0	0	0	0	0	0	0	0	0	0	0	562	14.876255006675592	ru	1578.0	179.0	0	94
1538891025	0	0	0	0	0	0	0	0	0	0	0	0	0	0	0	0	0	0	0	0	563	-13.615000000000009	ru	804.0	84.0	1	225
1538891453	0	0	0	0	0	0	0	0	0	0	0	0	0	0	0	0	0	0	0	0	564	-49.43807692307692	ru	597.0	65.0	1	99
1539076687	0	0	0	0	0	0	0	0	0	0	0	0	6	0	0	0	0	0	0	0	565	-4.916770833333317	ru	1448.0	163.0	1	770
1539077797	0	0	0	0	0	0	0	0	0	0	0	0	0	0	0	0	0	1	0	0	566	-156.78381868131868	ru	8392.0	807.0	2	237
1539079060	0	0	0	0	0	0	0	0	0	0	1	0	2	0	0	0	0	0	0	0	567	15.152463898916977	ru	1990.0	232.0	1	184
1539082936	0	0	0	0	0	0	0	0	0	0	0	0	5	0	0	0	0	0	0	0	568		vi	24.0	6.0	1	681
1539169647	0	0	0	0	0	0	0	0	0	0	1	0	3	0	0	0	0	0	0	0	569	4.165333602367525	ru	4524.0	426.0	1	667
1539232951	0	0	0	0	0	0	0	0	0	0	0	0	0	0	0	0	0	0	0	0	570	-12.886559633027503	ru	1614.0	176.0	0	233
1539236908	0	0	0	0	0	0	0	0	12	0	0	0	0	0	12	0	0	0	0	0	571	-166.4346774193548	ru	1200.0	127.0	24	6896
1539247425	0	0	0	12	0	0	0	0	0	0	0	0	0	0	0	0	0	0	0	0	572	-49.394416737109054	ru	3021.0	288.0	0	1201
1539312071	0	0	0	0	0	0	0	0	0	0	1	0	3	0	3	0	0	0	0	0	573	2.440263157894748	ru	264.0	27.0	4	6136
1539323506	0	0	0	0	0	0	0	0	0	0	0	0	2	0	0	0	0	1	0	0	574	38.00896602091021	ru	7086.0	695.0	1	580
1539334516	0	0	0	0	0	0	0	0	0	0	1	0	2	0	0	0	0	0	0	0	575	-26.89265957446807	ru	402.0	37.0	1	212
1539337362	0	0	0	0	0	0	1	0	0	0	0	0	0	0	0	0	0	0	1	0	576	-31.40234939759037	ru	538.0	62.0	2	455
1539340587	0	0	0	0	0	0	0	0	0	0	0	0	35	0	0	0	1	0	5	0	577	24.14549612847722	ru	2203.0	265.0	9	4952
1539341505	0	0	0	4	0	0	0	0	0	0	1	0	5	0	0	0	1	0	0	0	578	-8.823706271667191	ru	5800.0	576.0	1	1714
1539514197	0	0	0	4	0	0	0	0	0	0	0	0	12	0	0	0	0	0	0	0	579	-4.451666666666682	ru	232.0	25.0	5	2098
1539514295	0	0	0	4	0	0	0	0	0	0	0	0	12	0	0	0	0	0	0	0	580	-4.451666666666682	ru	232.0	25.0	5	2098
1539514497	0	0	0	14	0	0	0	0	0	0	0	0	11	0	0	0	0	0	0	0	581	-4.451666666666682	ru	232.0	25.0	7	3264
1539514595	0	0	0	14	0	0	0	0	0	0	0	0	11	0	0	0	0	0	0	0	582	-4.451666666666682	ru	232.0	25.0	7	3264
1539589720	0	0	0	0	0	0	0	0	0	0	1	0	2	0	0	0	0	0	0	0	583	20.1459022556391	ru	1529.0	143.0	1	383
1539590225	0	0	0	0	0	0	0	0	0	0	1	0	10	0	0	0	0	0	0	0	584	-58.07719512195122	ru	600.0	65.0	1	1321
1539676376	0	0	0	1	0	0	0	0	0	1	0	0	0	0	0	0	2	0	0	1	585	40.59914451261076	ru	1179.0	134.0	0	370
1539688746	0	0	0	0	0	0	0	0	0	0	0	0	2	0	0	0	0	0	0	0	586	-41.46338709677421	ru	492.0	49.0	2	478
1539755776	0	0	0	0	0	0	0	0	0	0	1	0	3	0	0	0	1	0	0	0	587	-2.641923076923092	ru	199.0	19.0	2	332
1539771606	0	0	0	0	0	0	0	0	0	0	1	0	0	0	0	0	0	0	0	0	588	5.875365448504965	ru	1945.0	211.0	0	132
1539772529	0	0	0	0	0	0	0	0	0	0	1	0	6	0	0	0	2	0	0	0	589	40.24119718309859	ru	515.0	59.0	2	1240
1539789502	0	0	0	0	0	0	0	0	0	0	2	0	2	0	0	0	0	0	0	0	590	57.4644117647059	ru	209.0	13.0	1	353
1539791303	0	0	0	0	0	0	0	0	0	0	0	0	1	0	0	0	1	0	0	0	591	-239.87429203539824	ru	1876.0	173.0	2	726
1539830607	0	0	0	0	0	0	0	0	0	0	0	0	1	0	0	0	1	0	0	0	592	-239.87429203539824	ru	1876.0	173.0	2	726
1539831553	0	0	0	0	0	0	0	0	0	0	0	0	1	0	0	0	1	0	0	0	593	-239.87429203539824	ru	1876.0	173.0	2	726
1539928703	0	1	0	3	0	0	0	0	0	0	1	0	0	0	0	0	0	0	0	0	594	46.78	en	245.0	35.0	0	538
1539931797	0	0	0	0	0	0	0	0	0	0	0	0	0	0	0	0	0	0	0	0	595	0.2971256038647141	ru	1540.0	169.0	1	321
1539945648	0	0	0	0	0	0	0	0	0	0	0	0	3	0	0	0	0	0	0	0	596	7.530680794831625	ru	21103.0	1978.0	1	930
1539946600	0	0	0	0	0	0	0	0	0	0	0	0	0	0	0	0	0	0	4	0	597	-22.960091324200903	ru	1668.0	168.0	4	661
1539946967	0	0	0	0	0	0	0	0	0	0	0	0	0	0	0	0	0	0	0	0	598	-19.258185550082118	ru	4799.0	494.0	1	36
1539949261	0	0	0	0	0	0	0	0	0	0	0	0	2	0	0	0	0	0	0	0	599	9.303992248062002	ru	1796.0	203.0	1	488
1540038668	0	0	0	0	0	0	0	0	0	0	0	0	0	0	0	0	0	0	0	0	600	59.64	en	239.0	36.0	1	57
1540123742	0	0	0	0	0	0	1	0	0	0	0	0	0	0	0	0	0	0	0	0	601	17.21060975609754	ru	289.0	32.0	1	913
1540157844	0	0	0	211	0	0	0	0	0	0	0	0	0	0	0	0	0	0	0	0	602	42.286752336448615	ru	787.0	89.0	0	41741
1540199938	0	0	0	0	0	0	0	0	0	0	0	0	0	0	0	0	0	0	0	0	603	43.97214285714287	ru	1135.0	121.0	1	92
1540265304	0	0	0	0	0	0	1	0	0	0	0	0	0	0	0	0	0	0	0	0	604	22.08	en	325.0	44.0	0	963
1540285638	0	1	0	0	0	0	0	0	0	0	0	0	90	0	0	0	0	0	0	0	605					10	12045
1540294040	0	0	0	0	0	0	0	0	0	0	1	0	2	0	0	0	0	0	0	0	606	15.691818181818178	ru	317.0	36.0	1	226
1540364314	0	0	0	0	0	0	0	0	0	0	1	0	5	0	0	0	0	0	0	0	607	-79.42574766355139	ru	1507.0	170.0	1	441
1540372683	0	3	0	16	0	0	0	0	0	0	0	0	9	0	0	0	2	0	0	0	608	50.74928571428572	ru	132.0	16.0	2	4397
1540379007	0	0	0	0	0	0	0	0	0	0	0	0	0	0	0	0	0	0	0	0	609	32.3556896551724	ru	177.0	22.0	1	65
1540380419	0	0	0	0	1	0	0	0	0	0	0	0	15	0	0	0	0	0	0	0	610	11.945007974481655	ru	1660.0	177.0	5	1166
1540446070	0	0	0	0	0	0	0	0	0	0	0	0	4	0	0	0	0	0	0	0	611	-1.2017469879518217	ru	6569.0	667.0	1	492
1540448192	0	0	0	0	0	0	0	0	0	0	1	0	2	0	0	0	0	0	0	0	612	-9.961389751552787	ru	2618.0	308.0	1	184
1540450514	0	0	0	0	0	0	0	0	0	0	0	0	2	0	0	0	0	0	0	0	613	5.930652173913046	ru	325.0	36.0	1	332
1540451019	0	0	0	1	0	0	0	0	0	0	2	0	10	0	2	0	0	1	0	0	614	20.898613210647397	ru	5543.0	600.0	1	3272
1540453552	0	0	0	0	0	0	0	0	0	0	0	0	2	0	0	0	0	0	0	0	615	-43.51812500000001	ru	503.0	50.0	2	478
1540470623	0	0	0	0	0	0	0	0	0	0	1	0	2	0	0	0	0	0	0	0	616	-32.73919354838709	ru	469.0	47.0	1	205
1540471262	0	0	0	0	0	0	0	0	0	0	0	0	2	0	0	0	0	0	0	0	617	35.14047600314714	ru	3032.0	320.0	1	492
1540473179	0	3	0	16	0	0	0	0	0	0	0	0	9	0	0	0	2	0	0	0	618	50.74928571428572	ru	132.0	16.0	2	4165
1540526565	0	0	0	0	0	0	0	0	0	0	0	0	6	0	0	0	5	0	0	0	619	25.860283400809692	ru	4019.0	424.0	6	1344
1540529532	0	0	0	0	0	0	0	0	0	0	1	0	3	0	0	0	0	0	0	0	620	-28.62566666666666	ru	620.0	62.0	1	311
1540530887	0	0	0	0	0	0	0	0	0	0	1	0	4	0	0	0	0	0	0	0	621	18.89044455544456	ru	1061.0	118.0	1	393
1540531227	0	0	0	0	0	0	0	0	0	0	1	0	2	0	0	0	0	0	0	0	622	-0.8835792349726717	ru	992.0	108.0	1	208
1540531336	0	0	0	0	0	0	0	0	0	0	0	0	0	0	0	0	0	0	0	0	623	29.90649466649532	ru	3775.0	416.0	0	108
1540531545	0	0	0	0	0	0	0	0	0	0	1	0	3	0	0	0	0	0	0	0	624	17.968333333333334	ru	954.0	108.0	1	295
1540532753	0	0	0	0	0	0	0	0	0	0	1	0	2	0	0	0	0	0	0	0	625	30.11998622589533	ru	849.0	104.0	1	198
1540533039	0	0	0	0	0	0	0	0	0	0	1	0	2	0	0	0	0	0	0	0	626	-35.56122641509435	ru	825.0	87.0	1	203
1540533619	0	0	0	0	0	0	0	0	0	0	1	0	3	0	0	0	0	0	0	0	627	25.566205035971223	ru	1038.0	114.0	1	338
1540537228	0	0	0	0	0	0	0	0	0	0	0	0	0	0	0	0	1	0	0	0	628	-50.09978260869566	ru	520.0	52.0	2	654
1540541747	0	4	0	0	0	0	0	0	0	2	1	0	0	7	6	0	0	0	0	0	629	29.817618296083452	ru	11047.0	1086.0	9	4957
1540544229	0	0	0	1	0	0	0	0	0	0	1	0	0	0	0	0	0	0	0	0	630	5.16933734939758	ru	2387.0	271.0	1	394
1540546024	1	0	0	0	0	0	0	0	0	0	0	0	30	0	0	0	0	0	0	0	631	9.057562844880437	ru	1709.0	183.0	6	3795
1540556081	0	0	0	0	0	0	0	0	0	0	1	0	3	0	0	0	0	0	0	0	632	16.414891304347805	ru	3367.0	329.0	1	605
1540556676	0	0	0	0	0	0	0	0	0	0	1	0	4	0	0	0	0	0	1	0	633	20.177959671907047	ru	11259.0	1107.0	1	854
1540787734	0	0	0	0	0	0	0	0	0	0	0	0	4	5	0	0	0	0	0	0	634	23.772739234449745	ru	3206.0	330.0	1	862
1540806606	0	0	0	1	0	0	0	0	0	0	0	0	0	0	0	0	0	0	0	0	635	30.604355246523397	ru	5029.0	559.0	1	844
1540807956	0	0	0	0	0	0	0	0	0	0	0	0	2	0	0	0	0	0	0	0	636	34.81271298995789	ru	2643.0	292.0	1	269
1540812454	0	0	0	0	0	0	0	0	0	0	0	0	0	0	0	0	0	0	0	0	637	36.25264705882353	ru	120.0	14.0	1	57
1540813850	0	0	0	1	0	0	0	0	0	0	0	0	0	0	0	0	0	0	1	0	638	-10.999047430830046	ru	4791.0	446.0	1	834
1540831354	2	0	0	1	0	0	0	0	0	0	0	0	0	0	0	0	0	0	0	0	639	-78.85532258064515	ru	1522.0	80.0	1	153
1540839972	0	0	0	0	0	0	0	0	0	0	0	0	10	0	0	0	0	0	0	0	640	-56.014186991869906	ru	4372.0	396.0	2	1868
1540890634	0	0	0	0	0	0	0	0	0	0	0	0	0	0	0	0	1	0	0	0	641	-13.375526315789472	ru	288.0	31.0	1	76
1540892352	0	0	0	0	0	0	0	0	0	0	1	0	2	0	0	0	0	0	0	0	642	11.329680851063813	ru	344.0	39.0	1	234
1540898666	0	0	0	0	0	0	0	0	0	0	1	0	3	0	0	0	0	0	0	0	643	-15.388255813953492	ru	642.0	73.0	1	424
1540918716	0	0	0	0	0	0	0	0	0	0	1	0	0	0	0	0	0	0	1	0	644	-12.096278538812783	ru	1303.0	132.0	1	407
1540961892	1	0	0	0	0	0	0	0	0	0	0	0	0	0	0	0	0	0	1	0	645	-20.029009471191813	ru	1603.0	152.0	1	389
1540966984	0	0	0	0	0	0	0	0	0	0	0	0	0	0	0	0	0	0	1	0	646	-16.68136726546902	ru	1180.0	123.0	1	271
1540973250	0	0	0	0	0	0	0	0	0	0	0	0	0	0	0	0	0	0	1	0	647	-7.182333333333361	ru	833.0	88.0	1	431
1540974933	0	0	0	0	0	0	0	0	0	0	0	0	0	0	0	0	0	0	1	0	648	-19.938866666666655	ru	1066.0	112.0	1	432
1540984783	0	0	0	0	0	0	1	0	0	0	0	0	0	0	0	0	0	0	1	0	649	17.325277777777785	ru	566.0	59.0	1	553
1540988981	1	0	0	0	0	0	0	0	0	0	0	0	0	0	0	0	0	0	1	0	650	-20.029009471191813	ru	1603.0	152.0	1	530
1541035408	1	0	0	0	0	0	0	0	0	0	0	0	0	0	0	0	0	0	1	0	651	-20.029009471191813	ru	1603.0	152.0	1	532
1541035873	1	0	0	0	0	0	0	0	0	0	0	0	0	0	0	0	0	0	1	0	652	-20.029009471191813	ru	1603.0	152.0	1	532
1541036367	1	0	0	0	0	0	0	0	0	0	0	0	0	0	0	0	0	0	1	0	653	-20.029009471191813	ru	1603.0	152.0	1	389
1541052451	1	0	0	0	0	0	0	0	0	0	0	0	0	0	0	0	0	0	1	0	654	-20.029009471191813	ru	1603.0	152.0	1	529
1541057547	1	0	0	0	0	0	0	0	0	0	0	0	0	0	0	0	0	0	1	0	655	-20.029009471191813	ru	1603.0	152.0	1	529
1541103259	0	0	0	0	0	0	0	0	0	0	0	0	0	0	0	0	0	0	1	0	656	-5.773009708737845	ru	890.0	95.0	1	562
1541147878	0	0	0	0	0	0	0	0	0	0	0	0	0	0	0	0	0	0	0	0	657	6.837602040816336	ru	1783.0	201.0	1	963
1541234543	0	0	0	0	0	0	0	0	0	0	0	0	0	0	0	0	0	0	0	0	658	30.339360056258784	ru	1172.0	132.0	1	65
1541323643	0	0	0	0	0	0	0	0	0	0	0	0	41	0	0	0	0	0	0	0	659	-16.283867924528295	ru	1534.0	180.0	9	3852
1541397790	0	0	0	0	0	0	0	0	0	0	1	0	5	0	0	0	0	0	0	0	660	-24.269347826086943	ru	227.0	23.0	1	487
1541400870	0	0	0	0	0	0	0	0	0	0	1	0	5	0	0	0	0	0	0	0	661	-29.495434782608726	ru	228.0	22.0	1	512
1541403561	0	0	0	0	0	0	0	0	0	0	1	0	5	0	0	0	0	0	0	0	662	-15.581000000000017	ru	223.0	24.0	1	499
1541407986	3	0	0	0	0	0	0	0	0	0	0	0	8	0	0	0	2	0	0	0	663	-15.06499999999997	ru	798.0	84.0	3	1453
1541443523	0	0	0	0	0	0	0	0	0	0	0	0	211	0	0	0	9	0	1	0	664	-4.543571428571397	ru	131.0	14.0	58	31380
1541472460	0	0	0	0	0	0	0	0	0	0	0	0	2	0	0	0	1	0	0	0	665	-145.07548951048952	ru	1098.0	115.0	1	1533
1541476043	0	0	0	0	0	0	0	0	0	0	1	0	0	0	0	0	1	0	0	0	666	46.50549559635766	ru	5613.0	629.0	1	127
1541484606	1	0	0	0	0	0	0	0	0	0	0	0	0	0	0	0	0	0	1	0	667	-24.487660098522184	ru	1796.0	170.0	1	389
1541489534	0	1	0	0	0	0	0	0	0	0	0	0	2	0	0	0	0	0	0	0	668	-53.00982758620691	ru	460.0	45.0	1	724
1541492792	0	7	0	0	0	0	0	0	0	1	0	0	6	0	1	0	4	0	1	0	669	-6.8526456876456905	ru	1078.0	111.0	3	3944
1541493333	0	0	0	0	0	0	0	0	0	0	1	0	2	0	0	0	0	0	0	0	670	10.40574889867841	ru	1530.0	172.0	1	172
1541494254	0	1	0	0	0	0	0	0	0	0	15	0	135	0	0	0	0	0	0	0	671					0	12714
1541495158	0	0	0	0	0	0	0	0	0	0	1	0	3	0	0	0	0	0	0	0	672	28.893	ru	330.0	40.0	1	315
1541500252	0	0	0	0	0	0	0	0	0	0	1	0	3	0	0	0	0	0	0	0	673	17.665952380952376	ru	525.0	51.0	1	303
1541517721	0	1	0	0	0	0	0	0	0	0	0	0	3	0	0	0	0	0	0	0	674	21.505833333333328	ru	1708.0	185.0	1	366
1541576164	0	1	0	0	0	0	0	0	0	2	0	0	3	0	0	0	0	0	1	0	675	-10.900308764940235	ru	2111.0	210.0	2	2716
1541586103	0	0	0	0	0	0	0	0	1	0	0	0	0	0	0	0	0	0	1	0	676	-0.6832513661202313	ru	1477.0	154.0	1	700
1541590605	0	0	0	0	0	0	0	0	0	0	1	0	3	0	0	0	0	0	0	0	677	6.7921428571428635	ru	496.0	59.0	1	319
1541594802	0	0	0	0	0	0	0	0	0	0	1	0	2	0	0	0	0	0	0	0	678	14.309489795918381	ru	346.0	39.0	1	254
1541595137	0	0	0	0	0	0	0	0	0	0	1	0	2	0	0	0	0	0	0	0	679	19.215612244897983	ru	341.0	39.0	1	258
1541659487	0	0	0	0	0	0	0	0	0	0	0	0	5	0	0	0	0	0	0	2	680	-177.67945783132532	ru	1311.0	137.0	1	476
1541668088	0	0	0	0	0	0	0	0	0	0	15	0	135	0	0	0	0	0	0	0	681					15	12651
1541742412	0	0	0	0	0	0	0	0	0	0	0	0	1	0	0	0	1	0	0	0	682	-196.6818367346939	ru	1764.0	155.0	2	726
1541743321	0	0	0	0	0	0	0	0	0	0	1	0	3	0	0	0	0	0	0	0	683	-7.483832020997369	ru	3065.0	330.0	1	921
1541746517	0	0	0	0	0	0	0	0	0	0	0	0	0	0	0	0	0	0	2	0	684	-1.2041517264276251	ru	5673.0	602.0	2	2800
1541750035	0	4	0	0	0	0	0	0	0	5	1	0	0	7	0	0	1	0	0	0	685	4.418697270471455	ru	3002.0	331.0	1	1752
1541753294	0	0	0	0	0	0	0	0	0	0	0	0	1	0	0	0	1	0	0	0	686	-196.6818367346939	ru	1764.0	155.0	2	726
1541754192	0	0	0	0	0	0	0	0	0	0	0	0	1	0	0	0	1	0	0	0	687	-196.6818367346939	ru	1764.0	155.0	2	726
1541755001	0	0	0	0	0	0	1	0	0	0	2	0	0	0	0	0	0	0	0	0	688	23.102188353048206	ru	5869.0	635.0	0	2085
1541761029	0	0	0	0	0	0	0	0	0	0	0	0	2	0	0	0	0	0	0	0	689	-41.46338709677421	ru	492.0	49.0	2	467
1541764733	0	0	0	7	0	0	0	0	0	0	0	0	2	0	0	0	0	0	0	0	690	34.84420453190219	ru	7518.0	793.0	1	3776
1541826986	0	0	0	0	0	0	0	0	0	0	1	0	2	0	0	0	0	0	0	0	691	-27.546428571428578	ru	482.0	47.0	1	164
1541944999	0	0	0	0	0	0	0	0	0	0	3	0	44	0	0	0	6	0	0	0	692	48.20462962962961	ru	951.0	107.0	19	10642
1541953655	0	0	0	0	0	0	0	0	0	0	0	0	20	0	0	0	0	0	0	0	693		bg	231.0	32.0	2	1535
1542003456	0	0	0	0	0	0	0	0	0	0	1	0	2	0	0	0	0	0	0	0	694	15.844649122806999	ru	404.0	47.0	1	232
1542012906	0	0	0	1	0	0	0	0	0	0	0	0	0	0	0	0	1	0	0	0	695	12.097499999999997	ru	279.0	30.0	0	369
1542025004	0	0	0	0	0	0	0	0	1	0	0	0	0	0	0	0	0	0	1	0	696	-151.18844827586207	ru	1183.0	119.0	1	700
1542079503	1	0	0	0	0	0	0	0	0	0	0	0	0	0	0	0	0	0	1	0	697	-24.487660098522184	ru	1796.0	170.0	1	389
1542080213	1	0	0	0	0	0	0	0	0	0	0	0	0	0	0	0	0	0	1	0	698	-24.487660098522184	ru	1796.0	170.0	1	389
1542082983	0	0	0	0	0	0	0	0	0	0	0	0	0	0	0	0	1	0	0	0	699	36.89143939393941	ru	1422.0	130.0	0	883
1542087445	0	5	0	0	0	0	0	0	0	5	1	0	0	7	0	0	1	0	0	0	700	13.329512890714142	ru	4052.0	408.0	1	1912
1542090902	0	0	0	0	0	0	0	0	0	0	0	0	2	0	0	0	0	0	0	0	701	15.048333333333318	ru	118.0	12.0	1	299
1542096499	0	0	0	0	0	0	0	0	0	0	1	0	2	0	0	0	0	0	0	0	702	-12.507063492063509	ru	509.0	51.0	1	184
1542097045	0	0	0	0	0	0	0	0	0	0	2	0	3	0	0	0	0	0	0	0	703	33.906874999999985	ru	452.0	49.0	1	497
1542098376	1	0	0	0	0	0	0	0	0	0	0	0	0	0	0	0	0	0	1	0	704	-24.487660098522184	ru	1796.0	170.0	1	389
1542098922	1	0	0	0	0	0	0	0	0	0	0	0	0	0	0	0	0	0	1	0	705	-24.487660098522184	ru	1796.0	170.0	1	389
1542102503	0	0	0	4	0	0	0	0	0	0	0	0	2	0	0	0	0	0	0	0	706	17.11514626635875	ru	38534.0	3573.0	1	713
1542102522	0	0	0	0	0	0	0	0	0	0	1	0	6	0	0	0	0	0	0	0	707	18.571612695036862	ru	40100.0	3726.0	1	1813
1542107935	0	0	0	0	0	0	0	0	0	0	0	0	4	5	0	0	0	0	0	0	708	23.772739234449745	ru	3206.0	330.0	1	862
1542167207	0	0	0	0	0	0	0	0	0	0	1	0	7	0	0	0	0	0	0	0	709	10.233449612403092	ru	620.0	66.0	2	1842
1542183224	0	2	0	0	0	0	0	0	0	0	2	0	3	0	0	0	0	0	1	0	710					2	954
1542191005	0	0	0	0	0	0	0	0	0	0	1	0	2	0	0	0	0	0	0	0	711	13.15387323943662	ru	588.0	65.0	1	197
1542199224	0	0	0	0	0	0	0	0	0	0	2	0	2	0	0	0	0	0	0	0	712	-8.01463525835868	ru	2514.0	278.0	1	628
1542209675	0	0	0	0	0	0	0	0	0	0	0	0	2	0	0	0	5	0	0	0	713	50.393823529411776	ru	120.0	15.0	6	1281
1542269918	0	0	0	0	0	0	0	0	0	0	5	0	5	0	0	0	0	0	0	0	714	40.985000000000014	ru	91.0	11.0	1	624
1542285396	0	0	0	0	0	0	0	0	0	0	0	0	0	0	0	0	0	0	0	0	715	-15.139226804123723	ru	1458.0	163.0	1	1430
1542291520	0	0	0	0	0	0	0	0	0	0	0	0	0	0	0	0	0	0	1	0	716	31.51555555555555	ru	280.0	31.0	1	313
1542307198	2	0	0	0	0	0	0	0	0	0	0	0	0	0	0	0	1	0	0	0	717	-69.87714953271026	ru	789.0	85.0	1	165
1542310397	0	0	0	0	0	0	0	0	0	0	0	0	3	0	0	0	0	0	0	0	718	79.645	ru	69.0	8.0	1	402
1542343546	0	0	0	0	0	0	0	0	0	0	0	0	0	0	0	0	0	0	8	0	719	-72.71919580419582	ru	1207.0	108.0	8	1619
1542346814	0	0	0	11	0	0	0	0	0	0	0	0	9	0	0	0	0	0	0	0	720	24.923776316198627	ru	15629.0	1627.0	0	9702
1542372878	0	0	0	0	0	0	0	0	0	0	0	0	0	0	0	0	3	0	0	0	721	62.14055555555555	ru	121.0	14.0	0	507
1542373664	0	0	0	0	0	0	0	0	0	0	0	0	0	0	0	0	0	0	10	0	722	34.38122033898307	ru	1847.0	187.0	10	1242
1542456503	0	0	0	0	0	0	0	0	0	0	2	0	2	0	0	0	1	0	0	0	723	16.490555555555545	ru	134.0	17.0	1	607
1542467409	0	0	0	0	0	0	0	0	0	0	2	0	3	0	0	0	0	0	0	0	724	43.25131205673759	ru	334.0	39.0	1	497
1542489390	0	95	0	0	0	0	0	0	0	0	0	0	0	0	0	0	0	0	0	0	725	35.93999560455808	ru	45423.0	3471.0	1	7896
1542611166	0	0	0	0	0	0	0	0	0	0	0	0	0	0	0	0	0	0	5	0	726	-16.23605263157893	ru	728.0	71.0	5	543
1542612411	0	0	0	0	0	0	0	0	0	0	0	0	0	0	0	0	0	0	10	0	727	-67.5619696969697	ru	685.0	73.0	10	2190
1542619977	1	0	0	0	0	0	0	0	0	0	0	0	0	0	0	0	1	0	0	0	728	-30.300714285714264	ru	135.0	12.0	1	171
1542625696	0	0	0	0	0	0	0	0	0	0	0	0	0	0	0	0	0	0	1	0	729	19.4555882352941	ru	252.0	29.0	1	130
1542628246	2	0	0	0	0	0	0	0	0	0	0	0	2	0	0	0	0	0	0	0	730	-16.283867924528295	ru	372.0	44.0	1	358
1542687692	0	0	0	0	0	0	0	0	0	0	0	0	1	0	0	0	1	0	0	0	731	-34.57152173913042	ru	373.0	37.0	2	832
1542688548	0	0	0	0	0	0	0	0	0	0	0	0	0	0	0	0	0	0	5	0	732	-36.21271062271062	ru	2007.0	210.0	5	1191
1542696282	0	0	0	0	0	0	0	0	0	0	0	0	0	0	0	0	8	0	0	0	733	51.08551020408163	ru	336.0	39.0	0	1535
1542718282	0	0	0	0	0	0	0	0	0	0	0	0	5	0	0	0	0	0	0	0	734					1	461
1542776579	0	0	0	0	0	0	0	0	0	0	1	0	3	0	0	0	0	0	0	0	735	-44.88451219512196	ru	593.0	68.0	1	285
1542776794	0	0	0	0	0	0	0	0	0	0	2	0	2	0	0	0	0	0	0	0	736	68.81833333333333	ru	41.0	6.0	1	539
1542779764	0	0	0	0	0	0	0	0	0	0	0	0	0	0	0	0	0	0	0	0	737	51.189385964912276	ru	833.0	60.0	1	57
1542793567	0	0	0	0	0	0	0	0	0	0	0	0	0	0	0	0	0	0	0	0	738	12.46362190812718	ru	2190.0	247.0	0	57
1542797837	0	0	0	0	0	0	0	0	0	0	0	0	4	0	0	0	0	0	0	0	739	17.969440858173527	ru	3631.0	388.0	1	1234
1542797941	0	0	0	0	0	0	0	0	0	0	0	0	3	0	0	0	0	0	0	0	740	-10.069655493482315	ru	1642.0	147.0	1	344
1542805618	0	0	0	0	0	0	1	0	0	0	0	0	0	0	0	0	0	0	1	0	741	-113.6	en	1187.0	168.0	1	223
1542861020	0	0	0	0	1	0	0	0	0	0	0	0	15	0	0	0	0	0	0	0	742	12.39971774193549	ru	2662.0	284.0	5	1166
1542868967	0	0	0	0	0	0	0	0	0	0	2	0	2	0	0	0	0	0	0	0	743	-33.92499999999998	ru	474.0	52.0	1	932
1542875847	0	0	0	3	0	0	0	0	0	0	0	0	0	0	0	0	0	0	1	0	744	38.57820987654321	ru	593.0	67.0	1	941
1542878778	0	1	0	0	0	0	0	0	0	1	0	0	11	0	0	0	0	0	0	0	745		vi	100.0	18.0	1	2407
1542884258	0	0	0	1	0	0	0	0	0	0	0	0	42	0	0	0	9	0	2	0	746	31.59860067681896	ru	4353.0	445.0	2	6124
1542885795	0	0	0	0	0	0	0	0	0	0	0	0	3	0	1	0	2	0	0	2	747	-66.87231707317075	ru	1968.0	202.0	0	1945
1542887000	0	0	0	3	0	0	0	0	0	0	0	0	0	0	0	0	0	0	1	0	748	-57.44588235294117	ru	540.0	53.0	1	988
1542888044	0	0	0	0	0	0	0	0	0	0	0	0	0	0	0	0	0	0	0	0	749	43.19214285714287	ru	51.0	7.0	1	0
1543077729	1	0	0	0	0	0	0	0	0	0	0	0	3	0	0	0	0	0	0	0	750	6.589918032786869	ru	454.0	50.0	1	326
1543220115	0	0	0	21	0	0	0	0	0	0	0	0	0	0	0	0	0	0	0	0	751	-20.699375000000003	ru	276.0	27.0	0	1618
1543223577	0	0	0	1	0	0	0	0	0	0	0	0	0	0	0	0	3	0	0	0	752	-50.940470552519756	ru	15167.0	1297.0	1	726
1543229923	0	0	0	0	0	0	0	0	0	0	0	0	0	0	0	0	0	0	5	0	753	13.502523809523808	ru	1186.0	120.0	5	600
1543231092	0	195	0	0	0	0	0	0	0	0	0	0	0	0	0	0	0	0	0	0	754	16.364233110784596	ru	25791.0	2728.0	1	15535
1543234827	0	0	0	0	0	0	0	0	0	0	0	0	3	0	0	0	0	0	0	0	755	-36.452500000000015	ru	89.0	8.0	1	587
1543291982	0	0	0	0	0	0	0	0	0	0	2	0	3	0	0	0	0	0	0	0	756					1	456
1543300898	0	1	0	0	0	0	0	0	0	0	0	0	2	0	0	0	0	0	0	0	757	-34.04532786885245	ru	472.0	46.0	1	421
1543306225	0	0	0	0	0	0	0	0	0	0	12	0	4	0	0	0	0	0	0	0	758	51.26357142857145	ru	179.0	19.0	1	3225
1543308786	0	0	0	0	0	0	0	0	0	0	1	0	0	0	0	0	1	0	0	0	759					1	221
1543308898	0	0	0	1	0	0	0	0	0	0	0	0	0	0	0	0	0	0	1	0	760	-3.7676086956522	ru	1541.0	163.0	1	200
1543310806	0	0	0	0	0	0	0	0	0	0	2	0	2	0	0	0	0	0	0	0	761	-26.360087719298264	ru	1444.0	152.0	1	385
1543345113	0	0	0	0	0	0	0	0	0	0	1	0	2	0	0	0	0	0	0	0	762	33.5112987012987	ru	546.0	65.0	1	184
1543395598	0	0	0	0	0	0	0	0	0	0	1	0	2	0	0	0	0	0	0	0	763	-31.542744360902276	ru	1199.0	114.0	1	202
1543400796	0	0	0	0	0	0	0	0	0	0	0	0	2	0	0	0	0	0	0	0	764	44.153803418803435	ru	877.0	86.0	1	708
1543466510	0	0	0	0	0	0	0	0	0	0	2	0	2	0	0	0	0	0	0	0	765	12.44328014490253	ru	2687.0	273.0	1	417
1543474164	0	0	0	0	0	0	0	0	0	0	0	0	0	0	0	0	6	0	0	0	766	-23.787388059701485	ru	479.0	48.0	0	1534
1543512123	0	0	0	3	0	0	0	0	0	0	1	0	3	0	0	0	0	0	0	0	767	-25.729629629629613	ru	1776.0	179.0	1	683
